Date,Price,Open,High,Low,Vol.,Daily Change (%),Daily Change (%) Squared
2015-05-20,1472.0,1470.0,1476.0,1466.0,0.28,0.0,0.0
2015-05-21,1496.0,1496.0,1514.0,1493.0,5.47,1.63,2.6569
2015-05-22,1489.0,1502.0,1502.0,1487.0,4.38,-0.47,0.22089999999999999
2015-05-25,1473.0,1484.0,1490.0,1468.0,5.96,-1.07,1.1449
2015-05-26,1482.0,1469.0,1485.0,1469.0,7.93,0.61,0.3721
2015-05-27,1484.0,1480.0,1485.0,1477.0,5.77,0.13,0.016900000000000002
2015-05-28,1476.0,1483.0,1485.0,1474.0,1.81,-0.54,0.2916
2015-05-29,1479.0,1475.0,1481.0,1470.0,2.37,0.2,0.04000000000000001
2015-06-01,1480.0,1480.0,1487.0,1477.0,2.89,0.07,0.004900000000000001
2015-06-02,1483.0,1475.0,1485.0,1470.0,3.59,0.2,0.04000000000000001
2015-06-03,1484.0,1480.0,1492.0,1480.0,3.53,0.07,0.004900000000000001
2015-06-04,1484.0,1481.0,1489.0,1479.0,2.3,0.0,0.0
2015-06-05,1472.0,1482.0,1484.0,1462.0,6.72,-0.81,0.6561000000000001
2015-06-08,1456.0,1474.0,1477.0,1452.0,5.93,-1.09,1.1881000000000002
2015-06-09,1453.0,1456.0,1456.0,1447.0,8.17,-0.21,0.04409999999999999
2015-06-10,1455.0,1453.0,1465.0,1449.0,9.27,0.14,0.019600000000000003
2015-06-11,1449.0,1450.0,1461.0,1445.0,6.77,-0.41,0.16809999999999997
2015-06-12,1460.0,1452.0,1462.0,1452.0,1.4,0.76,0.5776
2015-06-15,1467.0,1457.0,1467.0,1457.0,1.27,0.48,0.2304
2015-06-16,1467.0,1467.0,1467.0,1467.0,0.04,0.0,0.0
2015-06-17,1471.0,1470.0,1474.0,1465.0,0.99,0.27,0.0729
2015-06-18,1462.0,1462.0,1463.0,1461.0,1.15,-0.61,0.3721
2015-06-19,1452.0,1460.0,1460.0,1450.0,0.21,-0.68,0.4624000000000001
2015-06-22,1465.0,1475.0,1477.0,1458.0,3.4,0.9,0.81
2015-06-23,1472.0,1465.0,1478.0,1465.0,1.61,0.48,0.2304
2015-06-24,1470.0,1468.0,1473.0,1466.0,1.61,-0.14,0.019600000000000003
2015-06-25,1470.0,1470.0,1473.0,1468.0,1.43,0.0,0.0
2015-06-26,1469.0,1475.0,1475.0,1468.0,0.74,-0.07,0.004900000000000001
2015-06-29,1468.0,1476.0,1476.0,1464.0,2.64,-0.07,0.004900000000000001
2015-06-30,1472.0,1470.0,1473.0,1465.0,2.11,0.27,0.0729
2015-07-01,1486.0,1474.0,1490.0,1473.0,5.21,0.95,0.9025
2015-07-02,1495.0,1485.0,1496.0,1479.0,3.33,0.61,0.3721
2015-07-03,1514.0,1496.0,1515.0,1489.0,10.76,1.27,1.6129
2015-07-06,1502.0,1511.0,1511.0,1499.0,4.28,-0.79,0.6241000000000001
2015-07-07,1502.0,1504.0,1507.0,1500.0,2.11,0.0,0.0
2015-07-08,1496.0,1499.0,1499.0,1488.0,2.91,-0.4,0.16000000000000003
2015-07-09,1498.0,1496.0,1505.0,1491.0,2.92,0.13,0.016900000000000002
2015-07-10,1490.0,1495.0,1508.0,1485.0,7.1,-0.53,0.28090000000000004
2015-07-13,1487.0,1491.0,1499.0,1480.0,4.6,-0.2,0.04000000000000001
2015-07-14,1490.0,1490.0,1490.0,1490.0,0.29,0.2,0.04000000000000001
2015-07-15,1496.0,1499.0,1499.0,1494.0,0.1,0.4,0.16000000000000003
2015-07-16,1503.0,1505.0,1505.0,1500.0,0.22,0.47,0.22089999999999999
2015-07-17,1500.0,1500.0,1500.0,1500.0,0.16,-0.2,0.04000000000000001
2015-07-20,1484.0,1500.0,1500.0,1480.0,0.5,-1.07,1.1449
2015-07-21,1500.0,1510.0,1510.0,1494.0,3.4,1.08,1.1664
2015-07-22,1505.0,1497.0,1507.0,1489.0,2.37,0.33,0.10890000000000001
2015-07-23,1504.0,1504.0,1514.0,1501.0,1.69,-0.07,0.004900000000000001
2015-07-24,1512.0,1497.0,1514.0,1496.0,2.32,0.53,0.28090000000000004
2015-07-27,1514.0,1505.0,1517.0,1505.0,1.9,0.13,0.016900000000000002
2015-07-28,1525.0,1520.0,1529.0,1508.0,5.8,0.73,0.5328999999999999
2015-07-29,1525.0,1523.0,1526.0,1521.0,0.92,0.0,0.0
2015-07-30,1522.0,1519.0,1523.0,1514.0,0.53,-0.2,0.04000000000000001
2015-07-31,1515.0,1518.0,1520.0,1514.0,0.55,-0.46,0.2116
2015-08-03,1497.0,1515.0,1516.0,1466.0,4.08,-1.19,1.4161
2015-08-04,1491.0,1492.0,1500.0,1489.0,1.88,-0.4,0.16000000000000003
2015-08-05,1493.0,1488.0,1499.0,1487.0,1.31,0.13,0.016900000000000002
2015-08-06,1491.0,1476.0,1496.0,1476.0,2.08,-0.13,0.016900000000000002
2015-08-07,1504.0,1491.0,1519.0,1466.0,9.09,0.87,0.7569
2015-08-10,1498.0,1508.0,1509.0,1493.0,5.42,-0.4,0.16000000000000003
2015-08-11,1486.0,1493.0,1502.0,1483.0,6.52,-0.8,0.6400000000000001
2015-08-12,1496.0,1495.0,1500.0,1492.0,0.09,0.67,0.4489000000000001
2015-08-13,1493.0,1495.0,1515.0,1487.0,0.53,-0.2,0.04000000000000001
2015-08-14,1500.0,1499.0,1515.0,1499.0,0.14,0.47,0.22089999999999999
2015-08-17,1498.0,1501.0,1501.0,1486.0,0.17,-0.13,0.016900000000000002
2015-08-18,1495.0,1495.0,1499.0,1490.0,0.12,-0.2,0.04000000000000001
2015-08-19,1499.0,1499.0,1500.0,1494.0,0.17,0.27,0.0729
2015-08-20,1523.0,1495.0,1548.0,1495.0,0.27,1.6,2.5600000000000005
2015-08-21,1519.0,1515.0,1520.0,1511.0,0.93,-0.26,0.06760000000000001
2015-08-24,1515.0,1518.0,1522.0,1512.0,1.28,-0.26,0.06760000000000001
2015-08-25,1512.0,1512.0,1519.0,1511.0,0.69,-0.2,0.04000000000000001
2015-08-26,1510.0,1510.0,1512.0,1506.0,0.77,-0.13,0.016900000000000002
2015-08-27,1508.0,1509.0,1512.0,1453.0,1.03,-0.13,0.016900000000000002
2015-08-28,1507.0,1506.0,1509.0,1505.0,0.41,-0.07,0.004900000000000001
2015-08-31,1514.0,1509.0,1515.0,1505.0,1.78,0.46,0.2116
2015-09-01,1523.0,1515.0,1525.0,1513.0,2.52,0.59,0.34809999999999997
2015-09-02,1525.0,1510.0,1527.0,1510.0,2.49,0.13,0.016900000000000002
2015-09-03,1524.0,1525.0,1526.0,1519.0,1.54,-0.07,0.004900000000000001
2015-09-04,1521.0,1524.0,1526.0,1513.0,0.76,-0.2,0.04000000000000001
2015-09-07,1517.0,1521.0,1522.0,1514.0,0.9,-0.26,0.06760000000000001
2015-09-08,1510.0,1511.0,1511.0,1502.0,1.85,-0.46,0.2116
2015-09-09,1508.0,1510.0,1510.0,1506.0,1.82,-0.13,0.016900000000000002
2015-09-10,1506.0,1505.0,1515.0,1495.0,3.64,-0.13,0.016900000000000002
2015-09-11,1509.0,1504.0,1518.0,1501.0,5.47,0.2,0.04000000000000001
2015-09-14,1513.0,1515.0,1515.0,1510.0,0.32,0.27,0.0729
2015-09-15,1515.0,1515.0,1515.0,1515.0,0.01,0.13,0.016900000000000002
2015-09-16,1518.0,1514.0,1519.0,1514.0,0.38,0.2,0.04000000000000001
2015-09-17,1518.0,1518.0,1518.0,1518.0,,0.0,0.0
2015-09-18,1530.0,1525.0,1533.0,1522.0,0.4,0.79,0.6241000000000001
2015-09-21,1555.0,1549.0,1558.0,1548.0,2.23,1.63,2.6569
2015-09-22,1550.0,1552.0,1555.0,1546.0,1.09,-0.32,0.1024
2015-09-23,1551.0,1545.0,1555.0,1545.0,1.12,0.06,0.0036
2015-09-24,1551.0,1554.0,1554.0,1548.0,0.68,0.0,0.0
2015-09-25,1551.0,1551.0,1551.0,1551.0,,0.0,0.0
2015-09-28,1559.0,1555.0,1570.0,1555.0,1.32,0.52,0.27040000000000003
2015-09-29,1561.0,1560.0,1561.0,1559.0,0.5,0.13,0.016900000000000002
2015-09-30,1554.0,1558.0,1559.0,1550.0,0.42,-0.45,0.2025
2015-10-01,1552.0,1552.0,1556.0,1550.0,0.51,-0.13,0.016900000000000002
2015-10-05,1563.0,1555.0,1566.0,1554.0,0.91,0.71,0.5041
2015-10-06,1566.0,1558.0,1568.0,1558.0,0.71,0.19,0.0361
2015-10-07,1583.0,1569.0,1590.0,1564.0,1.9,1.09,1.1881000000000002
2015-10-08,1589.0,1607.0,1607.0,1582.0,0.97,0.38,0.1444
2015-10-09,1592.0,1600.0,1600.0,1574.0,1.66,0.19,0.0361
2015-10-12,1585.0,1594.0,1597.0,1574.0,1.75,-0.44,0.1936
2015-10-13,1588.0,1590.0,1590.0,1585.0,0.79,0.19,0.0361
2015-10-14,1607.0,1600.0,1613.0,1600.0,0.29,1.2,1.44
2015-10-15,1633.0,1630.0,1635.0,1630.0,0.05,1.62,2.6244000000000005
2015-10-16,1635.0,1650.0,1650.0,1625.0,0.52,0.12,0.0144
2015-10-19,1626.0,1620.0,1630.0,1620.0,0.3,-0.55,0.30250000000000005
2015-10-20,1627.0,1628.0,1628.0,1627.0,0.14,0.06,0.0036
2015-10-21,1656.0,1660.0,1670.0,1655.0,0.75,1.78,3.1684
2015-10-22,1656.0,1656.0,1656.0,1656.0,,0.0,0.0
2015-10-23,1657.0,1651.0,1667.0,1641.0,1.72,0.06,0.0036
2015-10-26,1646.0,1655.0,1660.0,1638.0,1.17,-0.66,0.43560000000000004
2015-10-27,1650.0,1650.0,1656.0,1645.0,0.52,0.24,0.0576
2015-10-28,1649.0,1647.0,1651.0,1646.0,0.25,-0.06,0.0036
2015-10-29,1640.0,1641.0,1641.0,1637.0,0.21,-0.55,0.30250000000000005
2015-10-30,1642.0,1641.0,1651.0,1638.0,1.05,0.12,0.0144
2015-11-02,1631.0,1640.0,1641.0,1626.0,1.7,-0.67,0.4489000000000001
2015-11-03,1623.0,1629.0,1630.0,1617.0,1.31,-0.49,0.24009999999999998
2015-11-04,1628.0,1630.0,1635.0,1624.0,0.61,0.31,0.0961
2015-11-05,1617.0,1624.0,1624.0,1614.0,0.71,-0.68,0.4624000000000001
2015-11-06,1624.0,1628.0,1630.0,1620.0,0.96,0.43,0.18489999999999998
2015-11-09,1621.0,1619.0,1624.0,1604.0,1.51,-0.18,0.0324
2015-11-10,1622.0,1618.0,1625.0,1615.0,3.02,0.06,0.0036
2015-11-11,1624.0,1629.0,1630.0,1622.0,0.62,0.12,0.0144
2015-11-12,1624.0,1624.0,1624.0,1624.0,,0.0,0.0
2015-11-13,1606.0,1644.0,1644.0,1591.0,1.27,-1.11,1.2321000000000002
2015-11-16,1606.0,1606.0,1606.0,1606.0,,0.0,0.0
2015-11-17,1602.0,1592.0,1611.0,1592.0,0.03,-0.25,0.0625
2015-11-18,1602.0,1602.0,1602.0,1602.0,,0.0,0.0
2015-11-19,1650.0,1650.0,1650.0,1650.0,0.01,3.0,9.0
2015-11-20,1614.0,1603.0,1614.0,1603.0,0.12,-2.18,4.752400000000001
2015-11-23,1651.0,1651.0,1655.0,1646.0,0.43,2.29,5.2441
2015-11-24,1650.0,1647.0,1654.0,1646.0,0.21,-0.06,0.0036
2015-11-25,1650.0,1650.0,1650.0,1650.0,,0.0,0.0
2015-11-26,1666.0,1645.0,1689.0,1645.0,0.8,0.97,0.9409
2015-11-27,1661.0,1675.0,1675.0,1656.0,0.96,-0.3,0.09
2015-11-30,1660.0,1650.0,1664.0,1650.0,0.24,-0.06,0.0036
2015-12-01,1665.0,1658.0,1670.0,1657.0,1.22,0.3,0.09
2015-12-02,1667.0,1671.0,1671.0,1664.0,1.13,0.12,0.0144
2015-12-03,1665.0,1667.0,1674.0,1662.0,0.93,-0.12,0.0144
2015-12-04,1654.0,1663.0,1663.0,1647.0,0.6,-0.66,0.43560000000000004
2015-12-07,1655.0,1650.0,1658.0,1650.0,0.44,0.06,0.0036
2015-12-08,1661.0,1663.0,1663.0,1657.0,0.26,0.36,0.1296
2015-12-09,1652.0,1657.0,1657.0,1650.0,0.21,-0.54,0.2916
2015-12-10,1660.0,1659.0,1664.0,1654.0,1.37,0.48,0.2304
2015-12-11,1672.0,1654.0,1680.0,1653.0,0.9,0.72,0.5184
2015-12-14,1719.0,1710.0,1725.0,1690.0,0.09,2.81,7.896100000000001
2015-12-15,1703.0,1700.0,1705.0,1700.0,0.29,-0.93,0.8649000000000001
2015-12-16,1717.0,1717.0,1720.0,1711.0,0.41,0.82,0.6723999999999999
2015-12-17,1717.0,1718.0,1719.0,1710.0,0.37,0.0,0.0
2015-12-18,1675.0,1710.0,1710.0,1650.0,0.52,-2.45,6.002500000000001
2015-12-21,1706.0,1700.0,1708.0,1700.0,0.33,1.85,3.4225000000000003
2015-12-22,1703.0,1696.0,1705.0,1696.0,0.15,-0.18,0.0324
2015-12-23,1700.0,1698.0,1703.0,1698.0,0.14,-0.18,0.0324
2015-12-24,1700.0,1700.0,1700.0,1700.0,,0.0,0.0
2015-12-28,1692.0,1697.0,1700.0,1683.0,0.33,-0.47,0.22089999999999999
2015-12-29,1691.0,1698.0,1698.0,1688.0,0.42,-0.06,0.0036
2015-12-30,1685.0,1690.0,1690.0,1682.0,0.12,-0.35,0.12249999999999998
2015-12-31,1668.0,1685.0,1685.0,1633.0,0.88,-1.01,1.0201
2016-01-01,1660.0,1665.0,1667.0,1650.0,0.52,-0.48,0.2304
2016-01-04,1666.0,1664.0,1670.0,1657.0,0.16,0.36,0.1296
2016-01-05,1678.0,1674.0,1685.0,1671.0,0.22,0.72,0.5184
2016-01-06,1677.0,1676.0,1681.0,1673.0,0.18,-0.06,0.0036
2016-01-07,1672.0,1678.0,1678.0,1644.0,0.25,-0.3,0.09
2016-01-08,1671.0,1671.0,1675.0,1665.0,0.46,-0.06,0.0036
2016-01-11,1644.0,1668.0,1670.0,1642.0,0.49,-1.62,2.6244000000000005
2016-01-12,1638.0,1622.0,1665.0,1622.0,0.09,-0.36,0.1296
2016-01-13,1657.0,1657.0,1657.0,1657.0,0.02,1.16,1.3456
2016-01-14,1657.0,1657.0,1657.0,1657.0,,0.0,0.0
2016-01-15,1657.0,1657.0,1657.0,1657.0,,0.0,0.0
2016-01-18,1657.0,1630.0,1630.0,1630.0,0.05,0.0,0.0
2016-01-19,1657.0,1657.0,1657.0,1657.0,,0.0,0.0
2016-01-20,1653.0,1654.0,1654.0,1653.0,0.09,-0.24,0.0576
2016-01-21,1687.0,1690.0,1690.0,1681.0,0.05,2.06,4.2436
2016-01-22,1693.0,1698.0,1698.0,1685.0,0.11,0.36,0.1296
2016-01-25,1662.0,1695.0,1695.0,1651.0,0.4,-1.83,3.3489000000000004
2016-01-27,1659.0,1688.0,1690.0,1644.0,0.28,-0.18,0.0324
2016-01-28,1654.0,1650.0,1664.0,1645.0,0.08,-0.3,0.09
2016-01-29,1662.0,1659.0,1672.0,1656.0,0.07,0.48,0.2304
2016-02-01,1636.0,1655.0,1659.0,1630.0,0.42,-1.56,2.4336
2016-02-02,1617.0,1625.0,1638.0,1605.0,0.35,-1.16,1.3456
2016-02-03,1610.0,1610.0,1614.0,1607.0,0.14,-0.43,0.18489999999999998
2016-02-04,1620.0,1623.0,1623.0,1615.0,0.05,0.62,0.3844
2016-02-05,1611.0,1616.0,1616.0,1604.0,0.09,-0.56,0.31360000000000005
2016-02-08,1606.0,1614.0,1614.0,1601.0,0.03,-0.31,0.0961
2016-02-09,1592.0,1601.0,1604.0,1578.0,0.26,-0.87,0.7569
2016-02-10,1597.0,1575.0,1610.0,1575.0,1.14,0.31,0.0961
2016-02-11,1556.0,1587.0,1590.0,1553.0,0.59,-2.57,6.604899999999999
2016-02-12,1551.0,1551.0,1551.0,1551.0,0.02,-0.32,0.1024
2016-02-15,1551.0,1557.0,1557.0,1545.0,0.04,0.0,0.0
2016-02-16,1563.0,1565.0,1565.0,1561.0,0.02,0.77,0.5929
2016-02-17,1563.0,1565.0,1565.0,1561.0,0.02,0.0,0.0
2016-02-18,1565.0,1565.0,1565.0,1565.0,0.01,0.13,0.016900000000000002
2016-02-19,1565.0,1565.0,1565.0,1565.0,,0.0,0.0
2016-02-22,1571.0,1571.0,1571.0,1571.0,,0.38,0.1444
2016-02-23,1578.0,1591.0,1591.0,1570.0,0.05,0.45,0.2025
2016-02-24,1578.0,1585.0,1585.0,1575.0,0.12,0.0,0.0
2016-02-25,1574.0,1580.0,1580.0,1571.0,0.04,-0.25,0.0625
2016-02-26,1588.0,1595.0,1595.0,1572.0,0.16,0.89,0.7921
2016-02-29,1588.0,1586.0,1586.0,1575.0,0.05,0.0,0.0
2016-03-01,1567.0,1565.0,1570.0,1565.0,0.03,-1.32,1.7424000000000002
2016-03-02,1567.0,1567.0,1567.0,1567.0,,0.0,0.0
2016-03-03,1566.0,1560.0,1579.0,1560.0,0.09,-0.06,0.0036
2016-03-04,1565.0,1564.0,1583.0,1560.0,0.11,-0.06,0.0036
2016-03-07,1565.0,1565.0,1565.0,1565.0,,0.0,0.0
2016-03-08,1569.0,1560.0,1579.0,1560.0,0.06,0.26,0.06760000000000001
2016-03-09,1570.0,1575.0,1575.0,1567.0,0.03,0.06,0.0036
2016-03-10,1551.0,1564.0,1564.0,1545.0,0.22,-1.21,1.4641
2016-03-11,1565.0,1560.0,1590.0,1560.0,0.07,0.9,0.81
2016-03-14,1580.0,1580.0,1580.0,1580.0,0.01,0.96,0.9216
2016-03-15,1627.0,1585.0,1627.0,1580.0,0.06,2.97,8.820900000000002
2016-03-16,1627.0,1627.0,1627.0,1627.0,,0.0,0.0
2016-03-17,1600.0,1600.0,1600.0,1600.0,0.03,-1.66,2.7556
2016-03-18,1720.0,1720.0,1720.0,1720.0,,7.5,56.25
2016-03-21,1562.0,1559.0,1565.0,1556.0,0.72,-9.19,84.45609999999999
2016-03-22,1564.0,1561.0,1565.0,1560.0,0.31,0.13,0.016900000000000002
2016-03-23,1565.0,1564.0,1565.0,1564.0,0.04,0.06,0.0036
2016-03-24,1565.0,1565.0,1565.0,1565.0,,0.0,0.0
2016-03-28,1551.0,1565.0,1590.0,1546.0,2.17,-0.89,0.7921
2016-03-29,1549.0,1548.0,1553.0,1542.0,0.75,-0.13,0.016900000000000002
2016-03-30,1558.0,1554.0,1560.0,1554.0,0.44,0.58,0.3364
2016-03-31,1565.0,1563.0,1566.0,1562.0,0.25,0.45,0.2025
2016-04-01,1578.0,1569.0,1582.0,1565.0,0.8,0.83,0.6889
2016-04-04,1583.0,1585.0,1596.0,1579.0,0.94,0.32,0.1024
2016-04-05,1583.0,1580.0,1588.0,1576.0,0.3,0.0,0.0
2016-04-06,1580.0,1580.0,1582.0,1578.0,0.28,-0.19,0.0361
2016-04-07,1580.0,1577.0,1585.0,1569.0,0.64,0.0,0.0
2016-04-08,1580.0,1585.0,1586.0,1576.0,1.03,0.0,0.0
2016-04-11,1583.0,1589.0,1589.0,1578.0,0.46,0.19,0.0361
2016-04-12,1586.0,1582.0,1591.0,1580.0,1.4,0.19,0.0361
2016-04-13,1589.0,1581.0,1590.0,1581.0,0.21,0.19,0.0361
2016-04-14,1589.0,1589.0,1589.0,1589.0,,0.0,0.0
2016-04-15,1589.0,1589.0,1589.0,1589.0,,0.0,0.0
2016-04-18,1633.0,1633.0,1633.0,1633.0,,2.77,7.6729
2016-04-19,1633.0,1633.0,1633.0,1633.0,,0.0,0.0
2016-04-20,1642.0,1650.0,1650.0,1625.0,0.06,0.55,0.30250000000000005
2016-04-21,1660.0,1657.0,1671.0,1656.0,1.74,1.1,1.2100000000000002
2016-04-22,1665.0,1664.0,1670.0,1659.0,2.37,0.3,0.09
2016-04-25,1651.0,1665.0,1674.0,1648.0,3.6,-0.84,0.7055999999999999
2016-04-26,1630.0,1652.0,1653.0,1621.0,4.99,-1.27,1.6129
2016-04-27,1630.0,1629.0,1635.0,1626.0,1.04,0.0,0.0
2016-04-28,1629.0,1628.0,1635.0,1628.0,1.91,-0.06,0.0036
2016-04-29,1629.0,1623.0,1631.0,1623.0,1.6,0.0,0.0
2016-05-02,1622.0,1628.0,1628.0,1621.0,1.74,-0.43,0.18489999999999998
2016-05-03,1622.0,1626.0,1627.0,1621.0,2.58,0.0,0.0
2016-05-04,1616.0,1618.0,1620.0,1612.0,1.47,-0.37,0.1369
2016-05-05,1612.0,1613.0,1614.0,1610.0,0.97,-0.25,0.0625
2016-05-06,1622.0,1607.0,1626.0,1607.0,1.51,0.62,0.3844
2016-05-09,1623.0,1628.0,1629.0,1622.0,1.42,0.06,0.0036
2016-05-10,1606.0,1620.0,1622.0,1604.0,4.12,-1.05,1.1025
2016-05-11,1609.0,1596.0,1613.0,1596.0,3.18,0.19,0.0361
2016-05-12,1616.0,1630.0,1630.0,1615.0,0.31,0.44,0.1936
2016-05-13,1622.0,1622.0,1622.0,1622.0,0.18,0.37,0.1369
2016-05-16,1637.0,1649.0,1649.0,1630.0,0.65,0.92,0.8464
2016-05-17,1644.0,1644.0,1644.0,1644.0,0.01,0.43,0.18489999999999998
2016-05-18,1644.0,1639.0,1639.0,1639.0,0.1,0.0,0.0
2016-05-19,1691.0,1691.0,1691.0,1691.0,,2.86,8.179599999999999
2016-05-20,1639.0,1641.0,1641.0,1634.0,0.3,-3.08,9.4864
2016-05-23,1662.0,1660.0,1666.0,1658.0,1.83,1.4,1.9599999999999997
2016-05-24,1665.0,1661.0,1667.0,1658.0,2.42,0.18,0.0324
2016-05-25,1665.0,1665.0,1667.0,1658.0,1.4,0.0,0.0
2016-05-26,1664.0,1667.0,1668.0,1661.0,1.29,-0.06,0.0036
2016-05-27,1665.0,1661.0,1667.0,1660.0,1.52,0.06,0.0036
2016-05-30,1688.0,1668.0,1692.0,1668.0,5.95,1.38,1.9043999999999996
2016-05-31,1678.0,1692.0,1692.0,1676.0,1.58,-0.59,0.34809999999999997
2016-06-01,1679.0,1679.0,1682.0,1676.0,2.54,0.06,0.0036
2016-06-02,1669.0,1682.0,1682.0,1666.0,2.53,-0.6,0.36
2016-06-03,1678.0,1666.0,1681.0,1666.0,2.17,0.54,0.2916
2016-06-06,1680.0,1679.0,1690.0,1677.0,2.78,0.12,0.0144
2016-06-07,1682.0,1676.0,1685.0,1676.0,1.75,0.12,0.0144
2016-06-08,1691.0,1682.0,1695.0,1680.0,3.29,0.54,0.2916
2016-06-09,1708.0,1685.0,1710.0,1685.0,3.7,1.01,1.0201
2016-06-10,1694.0,1713.0,1715.0,1674.0,6.98,-0.82,0.6723999999999999
2016-06-13,1702.0,1697.0,1710.0,1697.0,1.37,0.47,0.22089999999999999
2016-06-14,1703.0,1705.0,1707.0,1699.0,0.62,0.06,0.0036
2016-06-15,1704.0,1695.0,1710.0,1695.0,0.43,0.06,0.0036
2016-06-16,1703.0,1704.0,1704.0,1698.0,0.21,-0.06,0.0036
2016-06-17,1750.0,1750.0,1750.0,1743.0,0.31,2.76,7.617599999999999
2016-06-20,1775.0,1775.0,1775.0,1772.0,0.51,1.43,2.0448999999999997
2016-06-21,1778.0,1790.0,1798.0,1761.0,8.43,0.17,0.028900000000000006
2016-06-22,1777.0,1774.0,1783.0,1766.0,3.77,-0.06,0.0036
2016-06-23,1771.0,1775.0,1781.0,1769.0,6.8,-0.34,0.11560000000000002
2016-06-24,1755.0,1763.0,1774.0,1748.0,3.97,-0.9,0.81
2016-06-27,1765.0,1761.0,1773.0,1755.0,3.14,0.57,0.32489999999999997
2016-06-28,1762.0,1767.0,1768.0,1757.0,1.22,-0.17,0.028900000000000006
2016-06-29,1762.0,1760.0,1769.0,1752.0,7.2,0.0,0.0
2016-06-30,1764.0,1758.0,1769.0,1752.0,6.06,0.11,0.0121
2016-07-01,1773.0,1765.0,1775.0,1760.0,5.26,0.51,0.2601
2016-07-04,1754.0,1768.0,1768.0,1752.0,3.07,-1.07,1.1449
2016-07-05,1754.0,1751.0,1759.0,1751.0,3.42,0.0,0.0
2016-07-06,1754.0,1754.0,1754.0,1754.0,,0.0,0.0
2016-07-07,1723.0,1750.0,1750.0,1717.0,3.65,-1.77,3.1329000000000002
2016-07-08,1729.0,1721.0,1732.0,1708.0,5.0,0.35,0.12249999999999998
2016-07-11,1722.0,1725.0,1738.0,1714.0,7.58,-0.4,0.16000000000000003
2016-07-12,1721.0,1724.0,1724.0,1720.0,0.21,-0.06,0.0036
2016-07-13,1722.0,1724.0,1735.0,1716.0,0.21,0.06,0.0036
2016-07-14,1721.0,1722.0,1722.0,1719.0,0.05,-0.06,0.0036
2016-07-15,1731.0,1720.0,1737.0,1720.0,0.07,0.58,0.3364
2016-07-18,1781.0,1781.0,1781.0,1781.0,,2.89,8.3521
2016-07-19,1734.0,1740.0,1740.0,1728.0,0.03,-2.64,6.969600000000001
2016-07-20,1725.0,1725.0,1725.0,1725.0,0.01,-0.52,0.27040000000000003
2016-07-21,1743.0,1743.0,1747.0,1741.0,1.11,1.04,1.0816000000000001
2016-07-22,1739.0,1746.0,1746.0,1735.0,0.77,-0.23,0.0529
2016-07-25,1731.0,1740.0,1743.0,1728.0,1.3,-0.46,0.2116
2016-07-26,1729.0,1731.0,1734.0,1723.0,1.79,-0.12,0.0144
2016-07-27,1722.0,1725.0,1729.0,1720.0,1.31,-0.4,0.16000000000000003
2016-07-28,1715.0,1720.0,1725.0,1705.0,3.76,-0.41,0.16809999999999997
2016-07-29,1711.0,1708.0,1715.0,1706.0,3.14,-0.23,0.0529
2016-08-01,1717.0,1712.0,1721.0,1707.0,1.65,0.35,0.12249999999999998
2016-08-02,1723.0,1722.0,1724.0,1719.0,1.03,0.35,0.12249999999999998
2016-08-03,1723.0,1723.0,1725.0,1717.0,1.83,0.0,0.0
2016-08-04,1723.0,1718.0,1724.0,1717.0,1.25,0.0,0.0
2016-08-05,1713.0,1717.0,1722.0,1711.0,1.2,-0.58,0.3364
2016-08-08,1697.0,1709.0,1711.0,1695.0,5.41,-0.93,0.8649000000000001
2016-08-09,1685.0,1695.0,1702.0,1677.0,4.88,-0.71,0.5041
2016-08-10,1689.0,1677.0,1699.0,1674.0,8.98,0.24,0.0576
2016-08-11,1688.0,1685.0,1697.0,1674.0,2.38,-0.06,0.0036
2016-08-12,1712.0,1703.0,1718.0,1703.0,0.11,1.42,2.0164
2016-08-16,1721.0,1725.0,1734.0,1711.0,1.15,0.53,0.28090000000000004
2016-08-17,1712.0,1710.0,1713.0,1710.0,0.38,-0.52,0.27040000000000003
2016-08-18,1741.0,1710.0,1760.0,1710.0,0.34,1.69,2.8560999999999996
2016-08-19,1741.0,1749.0,1749.0,1740.0,0.31,0.0,0.0
2016-08-22,1750.0,1755.0,1761.0,1748.0,2.71,0.52,0.27040000000000003
2016-08-23,1754.0,1753.0,1762.0,1750.0,2.53,0.23,0.0529
2016-08-24,1757.0,1758.0,1758.0,1745.0,1.59,0.17,0.028900000000000006
2016-08-25,1747.0,1752.0,1755.0,1742.0,1.61,-0.57,0.32489999999999997
2016-08-26,1727.0,1744.0,1748.0,1704.0,2.6,-1.14,1.2995999999999999
2016-08-29,1732.0,1724.0,1734.0,1714.0,1.61,0.29,0.0841
2016-08-30,1736.0,1729.0,1736.0,1728.0,1.37,0.23,0.0529
2016-08-31,1749.0,1735.0,1757.0,1732.0,2.59,0.75,0.5625
2016-09-01,1752.0,1749.0,1760.0,1748.0,3.28,0.17,0.028900000000000006
2016-09-02,1754.0,1748.0,1756.0,1746.0,2.78,0.11,0.0121
2016-09-05,1754.0,1754.0,1754.0,1754.0,,0.0,0.0
2016-09-06,1760.0,1752.0,1762.0,1752.0,1.94,0.34,0.11560000000000002
2016-09-07,1742.0,1759.0,1759.0,1727.0,2.38,-1.02,1.0404
2016-09-08,1739.0,1750.0,1751.0,1734.0,2.34,-0.17,0.028900000000000006
2016-09-09,1725.0,1732.0,1739.0,1722.0,5.83,-0.81,0.6561000000000001
2016-09-12,1720.0,1732.0,1732.0,1713.0,1.67,-0.29,0.0841
2016-09-13,1720.0,1720.0,1720.0,1720.0,,0.0,0.0
2016-09-14,1775.0,1725.0,1780.0,1725.0,1.88,3.2,10.240000000000002
2016-09-15,1779.0,1783.0,1783.0,1775.0,0.2,0.23,0.0529
2016-09-16,1774.0,1780.0,1780.0,1765.0,0.05,-0.28,0.07840000000000001
2016-09-19,1774.0,1774.0,1774.0,1774.0,,0.0,0.0
2016-09-20,1778.0,1778.0,1782.0,1760.0,0.71,0.23,0.0529
2016-09-21,1740.0,1738.0,1745.0,1734.0,1.46,-2.14,4.5796
2016-09-22,1747.0,1744.0,1752.0,1731.0,0.9,0.4,0.16000000000000003
2016-09-23,1751.0,1751.0,1752.0,1745.0,0.75,0.23,0.0529
2016-09-26,1751.0,1742.0,1753.0,1724.0,5.64,0.0,0.0
2016-09-27,1745.0,1744.0,1745.0,1741.0,1.15,-0.34,0.11560000000000002
2016-09-28,1747.0,1744.0,1750.0,1741.0,0.63,0.11,0.0121
2016-09-29,1757.0,1748.0,1757.0,1748.0,1.21,0.57,0.32489999999999997
2016-09-30,1752.0,1751.0,1755.0,1750.0,0.5,-0.28,0.07840000000000001
2016-10-03,1752.0,1752.0,1755.0,1750.0,0.76,0.0,0.0
2016-10-04,1753.0,1749.0,1759.0,1749.0,1.45,0.06,0.0036
2016-10-05,1753.0,1754.0,1754.0,1742.0,1.61,0.0,0.0
2016-10-06,1750.0,1751.0,1753.0,1744.0,1.2,-0.17,0.028900000000000006
2016-10-07,1748.0,1747.0,1751.0,1744.0,1.72,-0.11,0.0121
2016-10-10,1748.0,1749.0,1763.0,1746.0,4.91,0.0,0.0
2016-10-11,1748.0,1748.0,1748.0,1748.0,,0.0,0.0
2016-10-12,1748.0,1748.0,1748.0,1748.0,,0.0,0.0
2016-10-13,1719.0,1747.0,1747.0,1715.0,0.83,-1.66,2.7556
2016-10-14,1719.0,1719.0,1719.0,1719.0,,0.0,0.0
2016-10-17,1719.0,1719.0,1719.0,1719.0,,0.0,0.0
2016-10-18,1719.0,1719.0,1719.0,1719.0,,0.0,0.0
2016-10-19,1770.0,1770.0,1770.0,1770.0,,2.97,8.820900000000002
2016-10-20,1919.0,1919.0,1919.0,1919.0,,8.42,70.8964
2016-10-21,1840.0,1825.0,1842.0,1825.0,3.34,-4.12,16.9744
2016-10-24,1870.0,1845.0,1871.0,1824.0,6.61,1.63,2.6569
2016-10-25,1900.0,1874.0,1903.0,1869.0,5.13,1.6,2.5600000000000005
2016-10-26,1937.0,1900.0,1938.0,1900.0,7.19,1.95,3.8024999999999998
2016-10-27,1960.0,1942.0,1961.0,1900.0,12.22,1.19,1.4161
2016-10-28,1973.0,1967.0,1983.0,1956.0,9.39,0.66,0.43560000000000004
2016-10-31,1998.0,1998.0,1998.0,1998.0,,1.27,1.6129
2016-11-01,2014.0,2017.0,2030.0,2001.0,7.4,0.8,0.6400000000000001
2016-11-02,2032.0,2015.0,2044.0,2015.0,4.33,0.89,0.7921
2016-11-03,2006.0,2032.0,2045.0,1993.0,7.54,-1.28,1.6384
2016-11-04,2011.0,1999.0,2023.0,1999.0,3.75,0.25,0.0625
2016-11-07,2011.0,2006.0,2019.0,1997.0,2.47,0.0,0.0
2016-11-08,2005.0,2007.0,2027.0,2000.0,3.53,-0.3,0.09
2016-11-09,1997.0,1981.0,2002.0,1981.0,1.58,-0.4,0.16000000000000003
2016-11-10,1982.0,1980.0,1999.0,1978.0,2.59,-0.75,0.5625
2016-11-11,1942.0,1976.0,1981.0,1931.0,2.02,-2.02,4.0804
2016-11-14,1942.0,1942.0,1942.0,1942.0,,0.0,0.0
2016-11-15,1970.0,1969.0,1970.0,1968.0,0.08,1.44,2.0736
2016-11-16,1968.0,1980.0,1980.0,1960.0,0.09,-0.1,0.010000000000000002
2016-11-17,2045.0,1980.0,2046.0,1980.0,0.68,3.91,15.288100000000002
2016-11-18,2095.0,2095.0,2095.0,2095.0,0.01,2.44,5.9536
2016-11-21,2118.0,2125.0,2143.0,2107.0,1.99,1.1,1.2100000000000002
2016-11-22,2034.0,2127.0,2127.0,2034.0,3.4,-3.97,15.760900000000001
2016-11-23,2027.0,2033.0,2047.0,2018.0,2.05,-0.34,0.11560000000000002
2016-11-24,2053.0,2038.0,2063.0,2038.0,2.49,1.28,1.6384
2016-11-25,2071.0,2054.0,2078.0,2053.0,1.1,0.88,0.7744
2016-11-28,2053.0,2080.0,2080.0,2041.0,0.91,-0.87,0.7569
2016-11-29,2044.0,2045.0,2050.0,2040.0,0.49,-0.44,0.1936
2016-11-30,2025.0,2030.0,2040.0,2020.0,0.98,-0.93,0.8649000000000001
2016-12-01,2019.0,2024.0,2031.0,2000.0,2.69,-0.3,0.09
2016-12-05,2019.0,1972.0,2034.0,1972.0,0.71,0.0,0.0
2016-12-06,2035.0,2012.0,2037.0,2012.0,1.08,0.79,0.6241000000000001
2016-12-07,2035.0,2038.0,2047.0,2025.0,1.5,0.0,0.0
2016-12-08,2002.0,2025.0,2032.0,1999.0,2.71,-1.62,2.6244000000000005
2016-12-09,2053.0,1995.0,2075.0,1995.0,0.87,2.55,6.5024999999999995
2016-12-12,2053.0,2053.0,2053.0,2053.0,,0.0,0.0
2016-12-13,2056.0,2068.0,2069.0,2025.0,1.99,0.15,0.0225
2016-12-14,2030.0,2024.0,2048.0,2023.0,0.04,-1.26,1.5876000000000001
2016-12-15,2047.0,2041.0,2050.0,2041.0,0.07,0.84,0.7055999999999999
2016-12-16,2045.0,2060.0,2060.0,2025.0,0.1,-0.1,0.010000000000000002
2016-12-19,2014.0,2015.0,2025.0,2011.0,0.27,-1.52,2.3104
2016-12-20,2060.0,2040.0,2070.0,2040.0,0.13,2.28,5.1983999999999995
2016-12-21,1986.0,1990.0,1995.0,1983.0,0.77,-3.59,12.8881
2016-12-22,1990.0,1990.0,2001.0,1986.0,0.44,0.2,0.04000000000000001
2016-12-23,1986.0,1987.0,1995.0,1982.0,0.53,-0.2,0.04000000000000001
2016-12-26,1983.0,1981.0,1990.0,1980.0,0.67,-0.15,0.0225
2016-12-27,1971.0,1980.0,1985.0,1965.0,0.41,-0.61,0.3721
2016-12-28,1927.0,1974.0,1974.0,1920.0,1.13,-2.23,4.9729
2016-12-29,1906.0,1915.0,1920.0,1901.0,0.38,-1.09,1.1881000000000002
2016-12-30,1884.0,1903.0,1903.0,1873.0,0.67,-1.15,1.3224999999999998
2017-01-02,1878.0,1870.0,1890.0,1852.0,1.25,-0.32,0.1024
2017-01-03,1858.0,1880.0,1880.0,1852.0,0.62,-1.06,1.1236000000000002
2017-01-04,1881.0,1860.0,1884.0,1860.0,1.18,1.24,1.5376
2017-01-05,1892.0,1885.0,1900.0,1885.0,1.2,0.58,0.3364
2017-01-06,1866.0,1900.0,1900.0,1862.0,1.45,-1.37,1.8769000000000002
2017-01-09,1861.0,1860.0,1864.0,1852.0,0.62,-0.27,0.0729
2017-01-10,1901.0,1880.0,1907.0,1876.0,0.96,2.15,4.6225
2017-01-11,1882.0,1936.0,1936.0,1845.0,0.41,-1.0,1.0
2017-01-12,1889.0,1864.0,1900.0,1850.0,0.7,0.37,0.1369
2017-01-13,1938.0,1938.0,1938.0,1938.0,0.01,2.59,6.708099999999999
2017-01-16,1938.0,1938.0,1938.0,1938.0,,0.0,0.0
2017-01-17,1899.0,1900.0,1900.0,1880.0,0.32,-2.01,4.040099999999999
2017-01-19,1881.0,1880.0,1881.0,1880.0,0.05,-0.95,0.9025
2017-01-20,1880.0,1860.0,1900.0,1860.0,0.1,-0.05,0.0025000000000000005
2017-01-23,1852.0,1863.0,1865.0,1851.0,0.56,-1.49,2.2201
2017-01-24,1861.0,1859.0,1862.0,1851.0,0.79,0.49,0.24009999999999998
2017-01-25,1856.0,1852.0,1858.0,1851.0,0.3,-0.27,0.0729
2017-01-27,1863.0,1862.0,1876.0,1855.0,1.34,0.38,0.1444
2017-01-30,1869.0,1875.0,1879.0,1862.0,0.75,0.32,0.1024
2017-01-31,1869.0,1870.0,1871.0,1860.0,0.45,0.0,0.0
2017-02-01,1862.0,1863.0,1872.0,1860.0,0.34,-0.37,0.1369
2017-02-02,1853.0,1861.0,1861.0,1849.0,0.31,-0.48,0.2304
2017-02-03,1829.0,1863.0,1863.0,1820.0,1.05,-1.3,1.6900000000000002
2017-02-06,1782.0,1811.0,1822.0,1776.0,1.41,-2.57,6.604899999999999
2017-02-07,1771.0,1771.0,1779.0,1755.0,1.35,-0.62,0.3844
2017-02-08,1760.0,1768.0,1769.0,1739.0,0.55,-0.62,0.3844
2017-02-09,1762.0,1756.0,1778.0,1755.0,0.9,0.11,0.0121
2017-02-10,1783.0,1756.0,1798.0,1751.0,2.26,1.19,1.4161
2017-02-13,1750.0,1773.0,1788.0,1730.0,0.65,-1.85,3.4225000000000003
2017-02-14,1750.0,1750.0,1750.0,1750.0,,0.0,0.0
2017-02-15,1820.0,1802.0,1820.0,1799.0,0.16,4.0,16.0
2017-02-16,1804.0,1803.0,1805.0,1801.0,0.79,-0.88,0.7744
2017-02-17,1804.0,1802.0,1803.0,1801.0,0.6,0.0,0.0
2017-02-20,1840.0,1855.0,1855.0,1805.0,0.04,2.0,4.0
2017-02-21,1701.0,1723.0,1723.0,1695.0,2.34,-7.55,57.0025
2017-02-22,1698.0,1707.0,1707.0,1687.0,1.87,-0.18,0.0324
2017-02-23,1692.0,1704.0,1709.0,1688.0,1.14,-0.35,0.12249999999999998
2017-02-24,1692.0,1692.0,1692.0,1692.0,,0.0,0.0
2017-02-27,1679.0,1698.0,1698.0,1672.0,0.93,-0.77,0.5929
2017-02-28,1662.0,1666.0,1676.0,1660.0,1.8,-1.01,1.0201
2017-03-01,1637.0,1655.0,1665.0,1631.0,1.81,-1.5,2.25
2017-03-02,1635.0,1630.0,1637.0,1619.0,1.98,-0.12,0.0144
2017-03-03,1647.0,1630.0,1658.0,1630.0,0.97,0.73,0.5328999999999999
2017-03-06,1662.0,1647.0,1668.0,1647.0,1.16,0.91,0.8281000000000001
2017-03-07,1672.0,1660.0,1680.0,1660.0,0.63,0.6,0.36
2017-03-08,1669.0,1675.0,1675.0,1664.0,0.06,-0.18,0.0324
2017-03-09,1660.0,1655.0,1668.0,1655.0,0.3,-0.54,0.2916
2017-03-10,1650.0,1650.0,1679.0,1640.0,1.59,-0.6,0.36
2017-03-14,1588.0,1630.0,1632.0,1584.0,0.51,-3.76,14.137599999999999
2017-03-15,1605.0,1575.0,1615.0,1575.0,0.52,1.07,1.1449
2017-03-16,1625.0,1625.0,1625.0,1625.0,0.12,1.25,1.5625
2017-03-17,1610.0,1610.0,1610.0,1609.0,0.09,-0.92,0.8464
2017-03-20,1610.0,1610.0,1610.0,1610.0,0.03,0.0,0.0
2017-03-21,1646.0,1640.0,1648.0,1633.0,0.46,2.24,5.017600000000001
2017-03-22,1663.0,1647.0,1667.0,1646.0,2.0,1.03,1.0609
2017-03-23,1675.0,1663.0,1684.0,1661.0,3.79,0.72,0.5184
2017-03-24,1660.0,1668.0,1681.0,1652.0,1.57,-0.9,0.81
2017-03-27,1650.0,1658.0,1674.0,1640.0,2.23,-0.6,0.36
2017-03-28,1668.0,1655.0,1679.0,1650.0,7.21,1.09,1.1881000000000002
2017-03-29,1668.0,1674.0,1678.0,1665.0,1.22,0.0,0.0
2017-03-30,1656.0,1664.0,1665.0,1650.0,1.44,-0.72,0.5184
2017-03-31,1661.0,1658.0,1663.0,1658.0,0.19,0.3,0.09
2017-04-03,1661.0,1655.0,1662.0,1654.0,1.45,0.0,0.0
2017-04-04,1661.0,1661.0,1661.0,1661.0,,0.0,0.0
2017-04-05,1662.0,1660.0,1663.0,1658.0,0.73,0.06,0.0036
2017-04-06,1635.0,1657.0,1657.0,1632.0,3.51,-1.62,2.6244000000000005
2017-04-07,1631.0,1631.0,1634.0,1600.0,3.57,-0.24,0.0576
2017-04-10,1627.0,1625.0,1644.0,1625.0,1.74,-0.25,0.0625
2017-04-11,1627.0,1632.0,1632.0,1622.0,1.14,0.0,0.0
2017-04-12,1627.0,1630.0,1630.0,1622.0,0.04,0.0,0.0
2017-04-13,1625.0,1622.0,1625.0,1622.0,0.14,-0.12,0.0144
2017-04-17,1617.0,1625.0,1625.0,1610.0,0.08,-0.49,0.24009999999999998
2017-04-18,1616.0,1615.0,1616.0,1615.0,0.21,-0.06,0.0036
2017-04-19,1635.0,1600.0,1648.0,1600.0,0.07,1.18,1.3923999999999999
2017-04-20,1617.0,1610.0,1624.0,1610.0,0.1,-1.1,1.2100000000000002
2017-04-21,1642.0,1650.0,1650.0,1641.0,1.27,1.55,2.4025000000000003
2017-04-24,1626.0,1643.0,1643.0,1624.0,2.67,-0.97,0.9409
2017-04-25,1622.0,1626.0,1628.0,1618.0,2.07,-0.25,0.0625
2017-04-26,1614.0,1620.0,1620.0,1608.0,1.86,-0.49,0.24009999999999998
2017-04-27,1611.0,1613.0,1615.0,1609.0,1.88,-0.19,0.0361
2017-04-28,1610.0,1610.0,1611.0,1608.0,1.97,-0.06,0.0036
2017-05-02,1600.0,1610.0,1610.0,1596.0,2.68,-0.62,0.3844
2017-05-03,1579.0,1596.0,1596.0,1572.0,3.32,-1.31,1.7161000000000002
2017-05-04,1585.0,1576.0,1588.0,1576.0,2.18,0.38,0.1444
2017-05-05,1581.0,1576.0,1588.0,1575.0,0.55,-0.25,0.0625
2017-05-08,1592.0,1584.0,1599.0,1583.0,1.19,0.7,0.48999999999999994
2017-05-09,1581.0,1589.0,1593.0,1578.0,2.16,-0.69,0.4760999999999999
2017-05-10,1582.0,1581.0,1584.0,1579.0,2.97,0.06,0.0036
2017-05-11,1591.0,1578.0,1591.0,1577.0,1.81,0.57,0.32489999999999997
2017-05-12,1599.0,1597.0,1600.0,1597.0,0.09,0.5,0.25
2017-05-15,1600.0,1600.0,1600.0,1600.0,0.04,0.06,0.0036
2017-05-16,1600.0,1600.0,1600.0,1600.0,,0.0,0.0
2017-05-17,1585.0,1585.0,1585.0,1585.0,0.14,-0.94,0.8835999999999999
2017-05-18,1600.0,1600.0,1600.0,1600.0,0.01,0.95,0.9025
2017-05-19,1599.0,1585.0,1600.0,1585.0,0.15,-0.06,0.0036
2017-05-22,1619.0,1624.0,1625.0,1615.0,1.08,1.25,1.5625
2017-05-23,1611.0,1616.0,1617.0,1610.0,1.05,-0.49,0.24009999999999998
2017-05-24,1605.0,1606.0,1615.0,1601.0,2.63,-0.37,0.1369
2017-05-25,1601.0,1602.0,1604.0,1598.0,1.0,-0.25,0.0625
2017-05-26,1610.0,1601.0,1614.0,1597.0,1.57,0.56,0.31360000000000005
2017-05-29,1603.0,1610.0,1614.0,1601.0,1.84,-0.43,0.18489999999999998
2017-05-30,1600.0,1600.0,1600.0,1597.0,1.67,-0.19,0.0361
2017-05-31,1596.0,1597.0,1601.0,1590.0,2.98,-0.25,0.0625
2017-06-01,1593.0,1595.0,1595.0,1591.0,0.8,-0.19,0.0361
2017-06-02,1592.0,1595.0,1596.0,1590.0,1.7,-0.06,0.0036
2017-06-05,1592.0,1588.0,1592.0,1588.0,1.12,0.0,0.0
2017-06-06,1591.0,1592.0,1596.0,1590.0,3.77,-0.06,0.0036
2017-06-07,1591.0,1594.0,1602.0,1590.0,1.76,0.0,0.0
2017-06-08,1590.0,1590.0,1593.0,1588.0,2.73,-0.06,0.0036
2017-06-09,1586.0,1588.0,1592.0,1580.0,9.9,-0.25,0.0625
2017-06-12,1587.0,1590.0,1591.0,1584.0,2.83,0.06,0.0036
2017-06-13,1583.0,1584.0,1584.0,1582.0,0.44,-0.25,0.0625
2017-06-14,1611.0,1610.0,1615.0,1610.0,0.11,1.77,3.1329000000000002
2017-06-15,1611.0,1611.0,1611.0,1611.0,,0.0,0.0
2017-06-16,1611.0,1611.0,1611.0,1611.0,,0.0,0.0
2017-06-19,1611.0,1611.0,1611.0,1611.0,,0.0,0.0
2017-06-20,1610.0,1610.0,1610.0,1610.0,0.01,-0.06,0.0036
2017-06-21,1615.0,1625.0,1625.0,1614.0,1.43,0.31,0.0961
2017-06-22,1614.0,1613.0,1616.0,1612.0,0.6,-0.06,0.0036
2017-06-23,1612.0,1613.0,1613.0,1611.0,0.69,-0.12,0.0144
2017-06-27,1598.0,1627.0,1627.0,1586.0,1.57,-0.87,0.7569
2017-06-28,1605.0,1605.0,1607.0,1599.0,1.2,0.44,0.1936
2017-06-29,1603.0,1606.0,1610.0,1601.0,0.54,-0.12,0.0144
2017-06-30,1605.0,1605.0,1606.0,1601.0,1.31,0.12,0.0144
2017-07-03,1619.0,1609.0,1622.0,1609.0,5.86,0.87,0.7569
2017-07-04,1625.0,1617.0,1625.0,1617.0,3.82,0.37,0.1369
2017-07-05,1633.0,1626.0,1635.0,1622.0,3.75,0.49,0.24009999999999998
2017-07-06,1640.0,1633.0,1640.0,1633.0,3.9,0.43,0.18489999999999998
2017-07-07,1640.0,1641.0,1645.0,1636.0,5.29,0.0,0.0
2017-07-10,1643.0,1644.0,1652.0,1639.0,5.05,0.18,0.0324
2017-07-11,1636.0,1639.0,1640.0,1630.0,3.15,-0.43,0.18489999999999998
2017-07-12,1637.0,1637.0,1640.0,1636.0,0.63,0.06,0.0036
2017-07-13,1651.0,1657.0,1657.0,1644.0,0.02,0.86,0.7395999999999999
2017-07-14,1650.0,1650.0,1650.0,1647.0,0.3,-0.06,0.0036
2017-07-17,1651.0,1650.0,1652.0,1650.0,0.25,0.06,0.0036
2017-07-18,1665.0,1664.0,1665.0,1664.0,0.06,0.85,0.7224999999999999
2017-07-19,1665.0,1665.0,1665.0,1665.0,0.09,0.0,0.0
2017-07-20,1665.0,1670.0,1670.0,1670.0,0.02,0.0,0.0
2017-07-21,1675.0,1671.0,1675.0,1670.0,2.41,0.6,0.36
2017-07-24,1676.0,1675.0,1678.0,1673.0,2.25,0.06,0.0036
2017-07-25,1676.0,1675.0,1677.0,1673.0,1.63,0.0,0.0
2017-07-26,1675.0,1674.0,1676.0,1672.0,2.59,-0.06,0.0036
2017-07-27,1674.0,1675.0,1677.0,1673.0,0.83,-0.06,0.0036
2017-07-28,1674.0,1677.0,1677.0,1673.0,0.9,0.0,0.0
2017-07-31,1670.0,1674.0,1675.0,1669.0,0.7,-0.24,0.0576
2017-08-01,1655.0,1670.0,1670.0,1645.0,3.3,-0.9,0.81
2017-08-02,1646.0,1646.0,1650.0,1640.0,2.47,-0.54,0.2916
2017-08-03,1644.0,1640.0,1649.0,1640.0,1.51,-0.12,0.0144
2017-08-04,1645.0,1644.0,1648.0,1644.0,0.3,0.06,0.0036
2017-08-07,1642.0,1643.0,1644.0,1633.0,0.79,-0.18,0.0324
2017-08-08,1633.0,1640.0,1640.0,1632.0,1.96,-0.55,0.30250000000000005
2017-08-09,1631.0,1632.0,1639.0,1626.0,3.43,-0.12,0.0144
2017-08-10,1634.0,1625.0,1635.0,1625.0,5.83,0.18,0.0324
2017-08-11,1643.0,1634.0,1651.0,1634.0,0.7,0.55,0.30250000000000005
2017-08-14,1665.0,1665.0,1665.0,1665.0,0.31,1.34,1.7956000000000003
2017-08-16,1666.0,1673.0,1673.0,1663.0,0.08,0.06,0.0036
2017-08-17,1657.0,1663.0,1663.0,1655.0,0.39,-0.54,0.2916
2017-08-18,1660.0,1653.0,1670.0,1653.0,1.92,0.18,0.0324
2017-08-21,1666.0,1662.0,1666.0,1656.0,0.86,0.36,0.1296
2017-08-22,1664.0,1665.0,1666.0,1658.0,0.7,-0.12,0.0144
2017-08-23,1655.0,1658.0,1658.0,1652.0,0.59,-0.54,0.2916
2017-08-24,1650.0,1655.0,1657.0,1649.0,1.71,-0.3,0.09
2017-08-28,1651.0,1650.0,1655.0,1648.0,0.3,0.06,0.0036
2017-08-29,1645.0,1650.0,1654.0,1641.0,1.61,-0.36,0.1296
2017-08-30,1637.0,1645.0,1646.0,1630.0,2.17,-0.49,0.24009999999999998
2017-08-31,1637.0,1637.0,1639.0,1633.0,1.36,0.0,0.0
2017-09-01,1636.0,1637.0,1637.0,1634.0,0.75,-0.06,0.0036
2017-09-04,1625.0,1595.0,1637.0,1595.0,1.42,-0.67,0.4489000000000001
2017-09-05,1625.0,1620.0,1630.0,1620.0,1.2,0.0,0.0
2017-09-06,1623.0,1624.0,1629.0,1620.0,1.24,-0.12,0.0144
2017-09-07,1629.0,1627.0,1634.0,1621.0,1.22,0.37,0.1369
2017-09-08,1618.0,1630.0,1635.0,1613.0,5.39,-0.68,0.4624000000000001
2017-09-11,1600.0,1619.0,1619.0,1596.0,7.82,-1.11,1.2321000000000002
2017-09-12,1612.0,1601.0,1615.0,1601.0,0.43,0.75,0.5625
2017-09-13,1616.0,1616.0,1616.0,1615.0,0.25,0.25,0.0625
2017-09-14,1626.0,1625.0,1626.0,1625.0,0.12,0.62,0.3844
2017-09-15,1627.0,1631.0,1631.0,1625.0,0.26,0.06,0.0036
2017-09-18,1632.0,1632.0,1632.0,1632.0,0.03,0.31,0.0961
2017-09-19,1620.0,1620.0,1620.0,1620.0,0.02,-0.74,0.5476
2017-09-20,1620.0,1620.0,1620.0,1620.0,0.06,0.0,0.0
2017-09-21,1640.0,1645.0,1645.0,1635.0,0.47,1.23,1.5129
2017-09-22,1635.0,1634.0,1638.0,1633.0,0.6,-0.3,0.09
2017-09-25,1619.0,1640.0,1644.0,1611.0,2.59,-0.98,0.9603999999999999
2017-09-26,1627.0,1617.0,1630.0,1617.0,1.39,0.49,0.24009999999999998
2017-09-27,1625.0,1629.0,1629.0,1619.0,0.67,-0.12,0.0144
2017-09-28,1620.0,1622.0,1622.0,1616.0,0.84,-0.31,0.0961
2017-09-29,1618.0,1614.0,1621.0,1612.0,2.21,-0.12,0.0144
2017-10-03,1619.0,1616.0,1622.0,1614.0,0.9,0.06,0.0036
2017-10-04,1617.0,1619.0,1621.0,1614.0,1.66,-0.12,0.0144
2017-10-05,1641.0,1623.0,1645.0,1622.0,1.17,1.48,2.1904
2017-10-06,1643.0,1639.0,1645.0,1636.0,1.05,0.12,0.0144
2017-10-09,1653.0,1648.0,1655.0,1647.0,1.63,0.61,0.3721
2017-10-10,1680.0,1660.0,1685.0,1658.0,3.68,1.63,2.6569
2017-10-11,1635.0,1662.0,1710.0,1619.0,1.31,-2.68,7.182400000000001
2017-10-12,1635.0,1635.0,1635.0,1635.0,,0.0,0.0
2017-10-13,1635.0,1665.0,1665.0,1635.0,1.6,0.0,0.0
2017-10-16,1707.0,1682.0,1709.0,1682.0,0.87,4.4,19.360000000000003
2017-10-17,1714.0,1715.0,1715.0,1704.0,1.15,0.41,0.16809999999999997
2017-10-18,1712.0,1719.0,1719.0,1707.0,0.52,-0.12,0.0144
2017-10-19,1716.0,1711.0,1718.0,1711.0,0.06,0.23,0.0529
2017-10-23,1715.0,1708.0,1716.0,1706.0,0.94,-0.06,0.0036
2017-10-24,1730.0,1715.0,1732.0,1715.0,2.1,0.87,0.7569
2017-10-25,1732.0,1737.0,1739.0,1726.0,2.33,0.12,0.0144
2017-10-26,1734.0,1732.0,1736.0,1730.0,0.99,0.12,0.0144
2017-10-27,1736.0,1730.0,1739.0,1730.0,1.7,0.12,0.0144
2017-10-30,1748.0,1738.0,1751.0,1738.0,3.17,0.69,0.4760999999999999
2017-10-31,1736.0,1753.0,1755.0,1731.0,1.64,-0.69,0.4760999999999999
2017-11-01,1733.0,1740.0,1740.0,1731.0,1.09,-0.17,0.028900000000000006
2017-11-02,1723.0,1721.0,1735.0,1715.0,0.97,-0.58,0.3364
2017-11-03,1713.0,1720.0,1721.0,1708.0,1.01,-0.58,0.3364
2017-11-06,1709.0,1711.0,1721.0,1687.0,3.81,-0.23,0.0529
2017-11-07,1715.0,1708.0,1716.0,1698.0,1.65,0.35,0.12249999999999998
2017-11-08,1712.0,1715.0,1717.0,1705.0,0.36,-0.17,0.028900000000000006
2017-11-09,1737.0,1725.0,1763.0,1725.0,1.11,1.46,2.1315999999999997
2017-11-10,1701.0,1732.0,1733.0,1695.0,2.75,-2.07,4.2848999999999995
2017-11-13,1677.0,1700.0,1700.0,1667.0,1.73,-1.41,1.9880999999999998
2017-11-14,1677.0,1677.0,1677.0,1677.0,,0.0,0.0
2017-11-15,1680.0,1680.0,1680.0,1680.0,0.02,0.18,0.0324
2017-11-16,1679.0,1681.0,1681.0,1678.0,0.1,-0.06,0.0036
2017-11-17,1667.0,1670.0,1672.0,1661.0,0.45,-0.71,0.5041
2017-11-20,1668.0,1667.0,1679.0,1667.0,0.17,0.06,0.0036
2017-11-21,1716.0,1715.0,1718.0,1712.0,0.35,2.88,8.2944
2017-11-22,1715.0,1715.0,1718.0,1712.0,1.04,-0.06,0.0036
2017-11-23,1710.0,1711.0,1711.0,1708.0,0.18,-0.29,0.0841
2017-11-24,1699.0,1705.0,1705.0,1694.0,0.94,-0.64,0.4096
2017-11-27,1685.0,1690.0,1698.0,1682.0,1.49,-0.82,0.6723999999999999
2017-11-28,1674.0,1685.0,1690.0,1671.0,0.95,-0.65,0.42250000000000004
2017-11-29,1657.0,1675.0,1675.0,1649.0,2.84,-1.02,1.0404
2017-11-30,1672.0,1642.0,1672.0,1641.0,1.33,0.91,0.8281000000000001
2017-12-01,1668.0,1670.0,1671.0,1666.0,0.45,-0.24,0.0576
2017-12-04,1659.0,1668.0,1668.0,1654.0,1.36,-0.54,0.2916
2017-12-05,1648.0,1664.0,1665.0,1647.0,0.99,-0.66,0.43560000000000004
2017-12-06,1644.0,1645.0,1647.0,1637.0,0.59,-0.24,0.0576
2017-12-07,1629.0,1646.0,1646.0,1622.0,1.61,-0.91,0.8281000000000001
2017-12-08,1611.0,1629.0,1635.0,1606.0,4.33,-1.1,1.2100000000000002
2017-12-11,1606.0,1575.0,1612.0,1575.0,2.63,-0.31,0.0961
2017-12-12,1626.0,1625.0,1627.0,1625.0,0.12,1.25,1.5625
2017-12-13,1632.0,1620.0,1632.0,1620.0,1.14,0.37,0.1369
2017-12-18,1646.0,1645.0,1654.0,1641.0,0.74,0.86,0.7395999999999999
2017-12-19,1655.0,1655.0,1655.0,1655.0,0.1,0.55,0.30250000000000005
2017-12-20,1655.0,1650.0,1660.0,1650.0,0.71,0.0,0.0
2017-12-21,1681.0,1671.0,1689.0,1665.0,1.59,1.57,2.4649
2017-12-22,1697.0,1685.0,1709.0,1683.0,3.33,0.95,0.9025
2017-12-26,1700.0,1693.0,1706.0,1693.0,0.77,0.18,0.0324
2017-12-27,1683.0,1700.0,1715.0,1681.0,1.73,-1.0,1.0
2017-12-28,1680.0,1685.0,1685.0,1673.0,0.96,-0.18,0.0324
2017-12-29,1676.0,1675.0,1683.0,1670.0,0.53,-0.24,0.0576
2018-01-01,1655.0,1665.0,1671.0,1636.0,2.22,-1.25,1.5625
2018-01-02,1655.0,1653.0,1663.0,1653.0,0.64,0.0,0.0
2018-01-03,1656.0,1651.0,1659.0,1651.0,0.54,0.06,0.0036
2018-01-04,1659.0,1649.0,1660.0,1643.0,0.63,0.18,0.0324
2018-01-05,1657.0,1654.0,1658.0,1653.0,1.43,-0.12,0.0144
2018-01-08,1659.0,1655.0,1666.0,1654.0,1.71,0.12,0.0144
2018-01-09,1657.0,1658.0,1670.0,1654.0,1.7,-0.12,0.0144
2018-01-10,1652.0,1654.0,1654.0,1644.0,2.25,-0.3,0.09
2018-01-11,1678.0,1648.0,1687.0,1648.0,1.3,1.57,2.4649
2018-01-12,1695.0,1693.0,1698.0,1692.0,0.11,1.01,1.0201
2018-01-15,1686.0,1680.0,1700.0,1680.0,0.06,-0.53,0.28090000000000004
2018-01-16,1680.0,1680.0,1680.0,1680.0,0.02,-0.36,0.1296
2018-01-17,1710.0,1715.0,1717.0,1709.0,0.36,1.79,3.2041
2018-01-18,1670.0,1670.0,1670.0,1670.0,0.01,-2.34,5.475599999999999
2018-01-19,1690.0,1690.0,1690.0,1690.0,0.01,1.2,1.44
2018-01-22,1689.0,1687.0,1697.0,1684.0,0.38,-0.06,0.0036
2018-01-23,1678.0,1681.0,1686.0,1676.0,0.97,-0.65,0.42250000000000004
2018-01-24,1677.0,1678.0,1681.0,1674.0,0.43,-0.06,0.0036
2018-01-25,1673.0,1690.0,1690.0,1670.0,0.5,-0.24,0.0576
2018-01-29,1672.0,1673.0,1678.0,1667.0,0.37,-0.06,0.0036
2018-01-30,1658.0,1668.0,1670.0,1650.0,0.65,-0.84,0.7055999999999999
2018-01-31,1661.0,1672.0,1672.0,1656.0,0.37,0.18,0.0324
2018-02-01,1661.0,1660.0,1664.0,1655.0,0.32,0.0,0.0
2018-02-02,1663.0,1663.0,1667.0,1658.0,0.14,0.12,0.0144
2018-02-05,1657.0,1669.0,1669.0,1651.0,0.5,-0.36,0.1296
2018-02-06,1639.0,1652.0,1652.0,1627.0,0.82,-1.09,1.1881000000000002
2018-02-07,1632.0,1614.0,1644.0,1614.0,0.67,-0.43,0.18489999999999998
2018-02-08,1643.0,1640.0,1650.0,1640.0,0.63,0.67,0.4489000000000001
2018-02-09,1666.0,1649.0,1669.0,1649.0,1.46,1.4,1.9599999999999997
2018-02-12,1680.0,1650.0,1683.0,1650.0,3.71,0.84,0.7055999999999999
2018-02-14,1729.0,1723.0,1730.0,1723.0,0.09,2.92,8.526399999999999
2018-02-16,1735.0,1734.0,1735.0,1734.0,0.14,0.35,0.12249999999999998
2018-02-19,1777.0,1788.0,1800.0,1770.0,1.98,2.42,5.8564
2018-02-20,1740.0,1750.0,1750.0,1720.0,0.04,-2.08,4.3264000000000005
2018-02-21,1776.0,1782.0,1784.0,1767.0,0.97,2.07,4.2848999999999995
2018-02-22,1773.0,1780.0,1783.0,1768.0,0.46,-0.17,0.028900000000000006
2018-02-23,1791.0,1795.0,1800.0,1770.0,2.09,1.02,1.0404
2018-02-26,1771.0,1781.0,1783.0,1761.0,0.78,-1.12,1.2544000000000002
2018-02-27,1758.0,1765.0,1770.0,1746.0,1.41,-0.73,0.5328999999999999
2018-02-28,1760.0,1755.0,1763.0,1755.0,0.21,0.11,0.0121
2018-03-01,1767.0,1765.0,1779.0,1760.0,0.47,0.4,0.16000000000000003
2018-03-05,1776.0,1770.0,1782.0,1770.0,0.59,0.51,0.2601
2018-03-06,1775.0,1772.0,1779.0,1769.0,0.68,-0.06,0.0036
2018-03-07,1772.0,1784.0,1784.0,1764.0,0.56,-0.17,0.028900000000000006
2018-03-08,1770.0,1770.0,1772.0,1768.0,0.47,-0.11,0.0121
2018-03-09,1728.0,1764.0,1765.0,1725.0,1.85,-2.37,5.6169
2018-03-12,1702.0,1725.0,1725.0,1698.0,2.64,-1.5,2.25
2018-03-16,1785.0,1785.0,1785.0,1785.0,,4.88,23.8144
2018-03-19,1768.0,1775.0,1778.0,1754.0,0.55,-0.95,0.9025
2018-03-20,1760.0,1755.0,1768.0,1755.0,0.09,-0.45,0.2025
2018-03-21,1750.0,1760.0,1760.0,1740.0,0.51,-0.57,0.32489999999999997
2018-03-22,1708.0,1748.0,1748.0,1700.0,1.3,-2.4,5.76
2018-03-23,1685.0,1706.0,1706.0,1671.0,0.68,-1.35,1.8225000000000002
2018-03-26,1674.0,1685.0,1687.0,1662.0,0.59,-0.65,0.42250000000000004
2018-03-27,1678.0,1667.0,1685.0,1667.0,0.3,0.24,0.0576
2018-03-28,1675.0,1670.0,1675.0,1670.0,0.48,-0.18,0.0324
2018-04-02,1677.0,1685.0,1685.0,1670.0,0.23,0.12,0.0144
2018-04-03,1679.0,1662.0,1680.0,1662.0,0.2,0.12,0.0144
2018-04-04,1680.0,1675.0,1685.0,1675.0,0.54,0.06,0.0036
2018-04-05,1680.0,1680.0,1680.0,1680.0,0.02,0.0,0.0
2018-04-06,1677.0,1675.0,1686.0,1675.0,0.68,-0.18,0.0324
2018-04-09,1661.0,1678.0,1678.0,1640.0,1.01,-0.95,0.9025
2018-04-10,1661.0,1660.0,1670.0,1645.0,0.9,0.0,0.0
2018-04-11,1659.0,1661.0,1662.0,1655.0,0.65,-0.12,0.0144
2018-04-12,1691.0,1698.0,1698.0,1690.0,0.28,1.93,3.7249
2018-04-13,1670.0,1670.0,1670.0,1669.0,0.05,-1.24,1.5376
2018-04-16,1680.0,1681.0,1685.0,1675.0,0.14,0.6,0.36
2018-04-17,1667.0,1664.0,1668.0,1664.0,0.47,-0.77,0.5929
2018-04-18,1691.0,1692.0,1705.0,1691.0,0.27,1.44,2.0736
2018-04-19,1707.0,1691.0,1708.0,1691.0,0.79,0.95,0.9025
2018-04-20,1699.0,1699.0,1699.0,1698.0,0.23,-0.47,0.22089999999999999
2018-04-23,1703.0,1712.0,1712.0,1695.0,0.29,0.24,0.0576
2018-04-24,1703.0,1690.0,1705.0,1690.0,0.53,0.0,0.0
2018-04-25,1710.0,1700.0,1711.0,1700.0,0.42,0.41,0.16809999999999997
2018-04-26,1727.0,1712.0,1737.0,1712.0,0.46,0.99,0.9801
2018-04-27,1717.0,1710.0,1722.0,1680.0,1.07,-0.58,0.3364
2018-04-30,1714.0,1714.0,1722.0,1707.0,0.36,-0.17,0.028900000000000006
2018-05-02,1715.0,1708.0,1719.0,1708.0,0.13,0.06,0.0036
2018-05-03,1721.0,1715.0,1724.0,1715.0,0.55,0.35,0.12249999999999998
2018-05-04,1738.0,1720.0,1757.0,1720.0,0.85,0.99,0.9801
2018-05-07,1757.0,1746.0,1760.0,1737.0,1.39,1.09,1.1881000000000002
2018-05-08,1749.0,1750.0,1754.0,1748.0,0.28,-0.46,0.2116
2018-05-09,1745.0,1721.0,1749.0,1721.0,0.09,-0.23,0.0529
2018-05-10,1742.0,1750.0,1754.0,1730.0,1.13,-0.17,0.028900000000000006
2018-05-11,1761.0,1752.0,1774.0,1750.0,0.53,1.09,1.1881000000000002
2018-05-14,1773.0,1775.0,1775.0,1768.0,0.09,0.68,0.4624000000000001
2018-05-15,1770.0,1770.0,1770.0,1770.0,0.19,-0.17,0.028900000000000006
2018-05-16,1785.0,1789.0,1789.0,1782.0,0.22,0.85,0.7224999999999999
2018-05-17,1800.0,1800.0,1800.0,1800.0,0.02,0.84,0.7055999999999999
2018-05-18,1797.0,1797.0,1799.0,1795.0,0.36,-0.17,0.028900000000000006
2018-05-21,1788.0,1790.0,1795.0,1763.0,0.99,-0.5,0.25
2018-05-22,1825.0,1787.0,1838.0,1785.0,3.16,2.07,4.2848999999999995
2018-05-23,1818.0,1826.0,1836.0,1815.0,2.01,-0.38,0.1444
2018-05-24,1823.0,1825.0,1840.0,1818.0,2.14,0.28,0.07840000000000001
2018-05-25,1823.0,1826.0,1830.0,1820.0,0.95,0.0,0.0
2018-05-28,1816.0,1823.0,1825.0,1813.0,0.91,-0.38,0.1444
2018-05-29,1815.0,1820.0,1826.0,1795.0,0.61,-0.06,0.0036
2018-05-30,1818.0,1824.0,1824.0,1815.0,0.07,0.17,0.028900000000000006
2018-05-31,1806.0,1811.0,1813.0,1802.0,0.81,-0.66,0.43560000000000004
2018-06-01,1795.0,1805.0,1805.0,1790.0,0.9,-0.61,0.3721
2018-06-04,1780.0,1794.0,1795.0,1775.0,1.16,-0.84,0.7055999999999999
2018-06-05,1765.0,1773.0,1775.0,1752.0,1.23,-0.84,0.7055999999999999
2018-06-06,1769.0,1759.0,1770.0,1753.0,1.61,0.23,0.0529
2018-06-07,1784.0,1775.0,1788.0,1772.0,2.21,0.85,0.7224999999999999
2018-06-08,1776.0,1780.0,1785.0,1774.0,0.9,-0.45,0.2025
2018-06-11,1780.0,1774.0,1782.0,1772.0,1.52,0.23,0.0529
2018-06-12,1783.0,1783.0,1786.0,1782.0,0.45,0.17,0.028900000000000006
2018-06-13,1781.0,1793.0,1793.0,1780.0,0.38,-0.11,0.0121
2018-06-14,1800.0,1800.0,1800.0,1800.0,0.1,1.07,1.1449
2018-06-15,1797.0,1794.0,1800.0,1794.0,0.71,-0.17,0.028900000000000006
2018-06-18,1818.0,1800.0,1820.0,1800.0,0.96,1.17,1.3688999999999998
2018-06-19,1825.0,1826.0,1833.0,1822.0,0.97,0.39,0.1521
2018-06-20,1815.0,1825.0,1825.0,1815.0,0.45,-0.55,0.30250000000000005
2018-06-21,1818.0,1820.0,1820.0,1815.0,0.09,0.17,0.028900000000000006
2018-06-22,1815.0,1815.0,1817.0,1812.0,0.27,-0.17,0.028900000000000006
2018-06-25,1813.0,1812.0,1815.0,1812.0,0.23,-0.11,0.0121
2018-06-26,1817.0,1816.0,1818.0,1813.0,2.74,0.22,0.0484
2018-06-27,1831.0,1822.0,1834.0,1822.0,0.84,0.77,0.5929
2018-06-28,1828.0,1832.0,1832.0,1825.0,1.06,-0.16,0.0256
2018-06-29,1826.0,1825.0,1828.0,1823.0,1.61,-0.11,0.0121
2018-07-02,1829.0,1817.0,1841.0,1817.0,0.45,0.16,0.0256
2018-07-03,1820.0,1822.0,1828.0,1811.0,1.63,-0.49,0.24009999999999998
2018-07-04,1836.0,1827.0,1838.0,1827.0,1.08,0.88,0.7744
2018-07-05,1852.0,1840.0,1856.0,1840.0,1.6,0.87,0.7569
2018-07-06,1861.0,1856.0,1863.0,1856.0,0.4,0.49,0.24009999999999998
2018-07-09,1887.0,1875.0,1902.0,1875.0,2.02,1.4,1.9599999999999997
2018-07-10,1866.0,1880.0,1885.0,1852.0,1.16,-1.11,1.2321000000000002
2018-07-11,1861.0,1851.0,1865.0,1850.0,0.42,-0.27,0.0729
2018-07-12,1915.0,1891.0,1920.0,1891.0,1.22,2.9,8.41
2018-07-13,1907.0,1931.0,1931.0,1901.0,0.34,-0.42,0.17639999999999997
2018-07-16,1932.0,1950.0,1950.0,1910.0,0.16,1.31,1.7161000000000002
2018-07-17,1924.0,1928.0,1928.0,1920.0,0.07,-0.41,0.16809999999999997
2018-07-18,1928.0,1921.0,1932.0,1921.0,0.65,0.21,0.04409999999999999
2018-07-19,1933.0,1926.0,1938.0,1926.0,1.41,0.26,0.06760000000000001
2018-07-20,1945.0,1942.0,1948.0,1937.0,1.33,0.62,0.3844
2018-07-23,1973.0,1948.0,1975.0,1948.0,1.44,1.44,2.0736
2018-07-24,1972.0,1968.0,1975.0,1965.0,1.39,-0.05,0.0025000000000000005
2018-07-25,1959.0,1970.0,1970.0,1954.0,1.12,-0.66,0.43560000000000004
2018-07-26,1962.0,1965.0,1970.0,1945.0,1.06,0.15,0.0225
2018-07-27,1970.0,1971.0,1972.0,1961.0,0.55,0.41,0.16809999999999997
2018-07-30,1973.0,1974.0,1975.0,1970.0,0.52,0.15,0.0225
2018-07-31,1972.0,1971.0,1973.0,1970.0,0.29,-0.05,0.0025000000000000005
2018-08-01,1972.0,1961.0,1994.0,1933.0,0.85,0.0,0.0
2018-08-02,1980.0,1972.0,1983.0,1972.0,0.76,0.41,0.16809999999999997
2018-08-03,1975.0,1975.0,1992.0,1970.0,0.98,-0.25,0.0625
2018-08-06,1969.0,1963.0,1975.0,1963.0,0.3,-0.3,0.09
2018-08-07,1973.0,1967.0,1978.0,1964.0,0.46,0.2,0.04000000000000001
2018-08-08,1982.0,2015.0,2015.0,1980.0,0.99,0.46,0.2116
2018-08-09,1980.0,1975.0,1985.0,1970.0,0.64,-0.1,0.010000000000000002
2018-08-10,1988.0,1988.0,1988.0,1988.0,,0.4,0.16000000000000003
2018-08-13,1984.0,1986.0,1988.0,1984.0,0.14,-0.2,0.04000000000000001
2018-08-14,1990.0,1989.0,1990.0,1984.0,0.13,0.3,0.09
2018-08-16,1980.0,1984.0,1984.0,1973.0,0.49,-0.5,0.25
2018-08-17,1984.0,1982.0,1985.0,1981.0,0.33,0.2,0.04000000000000001
2018-08-20,1985.0,1984.0,1986.0,1984.0,0.12,0.05,0.0025000000000000005
2018-08-21,1985.0,1993.0,1993.0,1978.0,0.09,0.0,0.0
2018-08-23,1990.0,1990.0,2001.0,1984.0,0.65,0.25,0.0625
2018-08-24,1990.0,1985.0,1991.0,1985.0,0.36,0.0,0.0
2018-08-27,1991.0,1986.0,1994.0,1984.0,0.39,0.05,0.0025000000000000005
2018-08-28,1989.0,1988.0,1994.0,1988.0,0.93,-0.1,0.010000000000000002
2018-08-29,1995.0,1994.0,1996.0,1992.0,0.13,0.3,0.09
2018-08-30,2000.0,1993.0,2000.0,1990.0,0.62,0.25,0.0625
2018-08-31,2004.0,1997.0,2019.0,1997.0,0.63,0.2,0.04000000000000001
2018-09-03,2022.0,2008.0,2032.0,2008.0,0.27,0.9,0.81
2018-09-04,2017.0,2018.0,2023.0,2011.0,0.45,-0.25,0.0625
2018-09-05,2006.0,2015.0,2015.0,1996.0,0.18,-0.55,0.30250000000000005
2018-09-06,2029.0,2012.0,2035.0,2012.0,0.66,1.15,1.3224999999999998
2018-09-07,2030.0,2047.0,2047.0,2020.0,0.71,0.05,0.0025000000000000005
2018-09-10,2007.0,2018.0,2034.0,1976.0,1.96,-1.13,1.2768999999999997
2018-09-11,2007.0,2008.0,2031.0,1999.0,0.15,0.0,0.0
2018-09-12,2035.0,2030.0,2040.0,2030.0,0.21,1.4,1.9599999999999997
2018-09-14,2055.0,2050.0,2060.0,2050.0,0.02,0.98,0.9603999999999999
2018-09-17,2046.0,2045.0,2049.0,2045.0,0.06,-0.44,0.1936
2018-09-18,2050.0,2050.0,2050.0,2050.0,0.01,0.2,0.04000000000000001
2018-09-19,2055.0,2050.0,2058.0,2047.0,0.16,0.24,0.0576
2018-09-24,2039.0,2045.0,2049.0,2031.0,0.65,-0.78,0.6084
2018-09-25,2037.0,2033.0,2041.0,2033.0,0.06,-0.1,0.010000000000000002
2018-09-26,2045.0,2041.0,2049.0,2040.0,0.11,0.39,0.1521
2018-09-27,2044.0,2045.0,2046.0,2040.0,0.2,-0.05,0.0025000000000000005
2018-09-28,2045.0,2044.0,2045.0,2043.0,0.16,0.05,0.0025000000000000005
2018-10-01,2038.0,2040.0,2040.0,2036.0,0.12,-0.34,0.11560000000000002
2018-10-03,2047.0,2058.0,2058.0,2043.0,0.23,0.44,0.1936
2018-10-04,2047.0,2056.0,2056.0,2042.0,0.21,0.0,0.0
2018-10-05,2046.0,2045.0,2047.0,2045.0,0.52,-0.05,0.0025000000000000005
2018-10-08,2047.0,2045.0,2049.0,2045.0,0.21,0.05,0.0025000000000000005
2018-10-09,2047.0,2045.0,2048.0,2045.0,0.27,0.0,0.0
2018-10-10,2055.0,2055.0,2074.0,2036.0,0.63,0.39,0.1521
2018-10-11,2025.0,2035.0,2037.0,2008.0,0.57,-1.46,2.1315999999999997
2018-10-15,1980.0,1980.0,1980.0,1980.0,0.04,-2.22,4.928400000000001
2018-10-16,2042.0,2040.0,2042.0,2040.0,0.08,3.13,9.796899999999999
2018-10-17,2044.0,2044.0,2045.0,2042.0,0.1,0.1,0.010000000000000002
2018-10-22,2036.0,2033.0,2047.0,2030.0,0.11,-0.39,0.1521
2018-10-23,2030.0,2034.0,2034.0,2015.0,0.28,-0.29,0.0841
2018-10-24,2037.0,2051.0,2051.0,2030.0,0.11,0.34,0.11560000000000002
2018-10-25,2036.0,2053.0,2053.0,2031.0,0.05,-0.05,0.0025000000000000005
2018-10-26,2031.0,2030.0,2031.0,2030.0,0.05,-0.25,0.0625
2018-11-02,2030.0,2030.0,2030.0,2024.0,0.15,-0.05,0.0025000000000000005
2018-11-05,2030.0,2032.0,2032.0,2028.0,0.07,0.0,0.0
2018-11-06,2026.0,2026.0,2026.0,2025.0,0.05,-0.2,0.04000000000000001
2018-11-09,2048.0,2035.0,2074.0,2035.0,0.37,1.09,1.1881000000000002
2018-11-12,2046.0,2104.0,2104.0,2022.0,0.1,-0.1,0.010000000000000002
2018-11-13,2100.0,2100.0,2100.0,2100.0,0.03,2.64,6.969600000000001
2018-11-14,2100.0,2100.0,2100.0,2100.0,0.17,0.0,0.0
2018-11-15,2090.0,2090.0,2090.0,2090.0,,-0.48,0.2304
2018-11-19,2104.0,2070.0,2104.0,2070.0,0.05,0.67,0.4489000000000001
2018-11-21,2101.0,2076.0,2109.0,2076.0,0.07,-0.14,0.019600000000000003
2018-11-27,2088.0,2100.0,2100.0,2080.0,0.08,-0.62,0.3844
2018-11-28,2103.0,2099.0,2114.0,2099.0,0.16,0.72,0.5184
2018-11-30,2100.0,2100.0,2100.0,2100.0,0.11,-0.14,0.019600000000000003
2018-12-03,2099.0,2099.0,2099.0,2099.0,0.01,-0.05,0.0025000000000000005
2018-12-04,2104.0,2102.0,2106.0,2102.0,0.02,0.24,0.0576
2018-12-05,2110.0,2110.0,2110.0,2110.0,0.01,0.29,0.0841
2018-12-06,2118.0,2107.0,2130.0,2107.0,0.03,0.38,0.1444
2018-12-07,2119.0,2105.0,2132.0,2105.0,0.03,0.05,0.0025000000000000005
2018-12-10,2134.0,2135.0,2135.0,2132.0,0.08,0.71,0.5041
2018-12-11,2135.0,2135.0,2135.0,2135.0,0.07,0.05,0.0025000000000000005
2018-12-12,2135.0,2135.0,2135.0,2135.0,0.07,0.0,0.0
2018-12-13,2120.0,2120.0,2120.0,2120.0,0.01,-0.7,0.48999999999999994
2018-12-14,2122.0,2111.0,2127.0,2111.0,0.08,0.09,0.0081
2018-12-18,2135.0,2135.0,2135.0,2135.0,0.01,0.61,0.3721
2018-12-19,2111.0,2111.0,2111.0,2111.0,,-1.12,1.2544000000000002
2018-12-20,2145.0,2149.0,2164.0,2143.0,0.1,1.61,2.5921000000000003
2018-12-21,2142.0,2162.0,2162.0,2131.0,0.03,-0.14,0.019600000000000003
2018-12-24,2128.0,2119.0,2135.0,2119.0,0.03,-0.65,0.42250000000000004
2018-12-26,2106.0,2122.0,2122.0,2097.0,0.12,-1.03,1.0609
2018-12-27,2112.0,2108.0,2120.0,2108.0,0.08,0.28,0.07840000000000001
2018-12-31,2126.0,2148.0,2148.0,2118.0,0.17,0.66,0.43560000000000004
2019-01-01,2113.0,2100.0,2116.0,2100.0,0.1,-0.61,0.3721
2019-01-02,2100.0,2102.0,2102.0,2099.0,0.1,-0.62,0.3844
2019-01-03,2101.0,2103.0,2103.0,2097.0,0.06,0.05,0.0025000000000000005
2019-01-04,2077.0,2077.0,2077.0,2077.0,0.01,-1.14,1.2995999999999999
2019-01-07,2070.0,2070.0,2070.0,2070.0,0.01,-0.34,0.11560000000000002
2019-01-09,2066.0,2071.0,2071.0,2058.0,0.04,-0.19,0.0361
2019-01-10,2039.0,2032.0,2061.0,2032.0,0.1,-1.31,1.7161000000000002
2019-01-11,1995.0,1989.0,2020.0,1989.0,0.07,-2.16,4.6656
2019-01-14,2026.0,2025.0,2026.0,2025.0,0.02,1.55,2.4025000000000003
2019-01-15,1995.0,1980.0,1980.0,1980.0,0.05,-1.53,2.3409
2019-01-16,2025.0,2025.0,2025.0,2025.0,0.01,1.5,2.25
2019-01-17,2025.0,2025.0,2025.0,2025.0,0.01,0.0,0.0
2019-01-18,2025.0,2025.0,2025.0,2025.0,0.02,0.0,0.0
2019-01-21,2031.0,2056.0,2056.0,2024.0,0.09,0.3,0.09
2019-01-22,2005.0,1990.0,2020.0,1990.0,0.07,-1.28,1.6384
2019-01-23,2005.0,2001.0,2011.0,2000.0,0.06,0.0,0.0
2019-01-24,2019.0,2010.0,2025.0,2010.0,0.06,0.7,0.48999999999999994
2019-01-25,2021.0,2013.0,2050.0,2003.0,0.13,0.1,0.010000000000000002
2019-01-28,2021.0,2021.0,2021.0,2020.0,0.03,0.0,0.0
2019-01-29,2020.0,2020.0,2020.0,2020.0,0.01,-0.05,0.0025000000000000005
2019-01-30,1986.0,1981.0,1995.0,1981.0,0.05,-1.68,2.8223999999999996
2019-01-31,1995.0,2000.0,2000.0,1990.0,0.02,0.45,0.2025
2019-02-01,2006.0,2020.0,2020.0,1991.0,0.02,0.55,0.30250000000000005
2019-02-04,2006.0,1996.0,2010.0,1996.0,0.03,0.0,0.0
2019-02-05,2013.0,2005.0,2020.0,2005.0,0.02,0.35,0.12249999999999998
2019-02-06,2042.0,2030.0,2065.0,2030.0,0.1,1.44,2.0736
2019-02-07,2060.0,2050.0,2070.0,2050.0,0.02,0.88,0.7744
2019-02-08,2057.0,2060.0,2060.0,2050.0,0.03,-0.15,0.0225
2019-02-11,2097.0,2117.0,2117.0,2080.0,0.07,1.94,3.7636
2019-02-12,2115.0,2115.0,2115.0,2115.0,0.05,0.86,0.7395999999999999
2019-02-15,1950.0,1945.0,1950.0,1945.0,0.03,-7.8,60.839999999999996
2019-02-18,1941.0,1925.0,1951.0,1925.0,0.07,-0.46,0.2116
2019-02-19,2125.0,2125.0,2125.0,2125.0,0.05,9.48,89.8704
2019-02-20,2125.0,2125.0,2125.0,2125.0,0.01,0.0,0.0
2019-02-21,1946.0,1950.0,1950.0,1941.0,0.04,-8.42,70.8964
2019-02-22,1955.0,1955.0,1955.0,1955.0,0.01,0.46,0.2116
2019-02-28,1931.0,1921.0,1940.0,1921.0,0.02,-1.23,1.5129
2019-03-01,1895.0,1895.0,1895.0,1895.0,0.01,-1.86,3.4596000000000005
2019-03-05,1900.0,1900.0,1900.0,1900.0,0.01,0.26,0.06760000000000001
2019-03-06,1918.0,1928.0,1928.0,1900.0,0.03,0.95,0.9025
2019-03-07,1900.0,1900.0,1900.0,1900.0,0.02,-0.94,0.8835999999999999
2019-03-08,1844.0,1844.0,1844.0,1844.0,0.01,-2.95,8.7025
2019-03-11,1844.0,1844.0,1844.0,1844.0,0.02,0.0,0.0
2019-03-18,1899.0,1894.0,1899.0,1894.0,0.02,2.98,8.8804
2019-03-19,1894.0,1894.0,1894.0,1894.0,,-0.26,0.06760000000000001
2019-03-20,1854.0,1855.0,1885.0,1850.0,0.11,-2.11,4.4521
2019-03-25,1860.0,1860.0,1860.0,1860.0,0.02,0.32,0.1024
2019-03-27,1833.0,1833.0,1833.0,1833.0,0.01,-1.45,2.1025
2019-03-28,1816.0,1835.0,1835.0,1800.0,0.16,-0.93,0.8649000000000001
2019-03-29,1783.0,1790.0,1790.0,1780.0,0.05,-1.82,3.3124000000000002
2019-04-01,1789.0,1770.0,1790.0,1770.0,0.14,0.34,0.11560000000000002
2019-04-02,1800.0,1794.0,1806.0,1794.0,0.55,0.61,0.3721
2019-04-03,1800.0,1790.0,1790.0,1790.0,0.01,0.0,0.0
2019-04-04,1849.0,1819.0,1854.0,1819.0,0.25,2.72,7.398400000000001
2019-04-05,1843.0,1806.0,1845.0,1806.0,0.31,-0.32,0.1024
2019-04-09,1848.0,1845.0,1850.0,1845.0,0.2,0.27,0.0729
2019-04-10,1848.0,1840.0,1855.0,1840.0,0.22,0.0,0.0
2019-04-11,1843.0,1855.0,1855.0,1810.0,0.07,-0.27,0.0729
2019-04-12,1849.0,1855.0,1855.0,1845.0,1.35,0.33,0.10890000000000001
2019-04-15,1843.0,1851.0,1853.0,1842.0,0.84,-0.32,0.1024
2019-04-16,1825.0,1825.0,1825.0,1820.0,0.19,-0.98,0.9603999999999999
2019-04-18,1852.0,1859.0,1859.0,1843.0,0.29,1.48,2.1904
2019-04-22,1863.0,1855.0,1875.0,1845.0,0.58,0.59,0.34809999999999997
2019-04-23,1874.0,1874.0,1880.0,1870.0,1.0,0.59,0.34809999999999997
2019-04-24,1897.0,1885.0,1900.0,1881.0,1.0,1.23,1.5129
2019-04-25,1898.0,1894.0,1900.0,1894.0,1.04,0.05,0.0025000000000000005
2019-04-26,1884.0,1900.0,1900.0,1882.0,0.8,-0.74,0.5476
2019-04-30,1890.0,1910.0,1910.0,1881.0,1.75,0.32,0.1024
2019-05-02,1900.0,1890.0,1900.0,1877.0,5.63,0.53,0.28090000000000004
2019-05-03,1901.0,1892.0,1907.0,1892.0,3.49,0.05,0.0025000000000000005
2019-05-06,1903.0,1903.0,1905.0,1901.0,0.32,0.11,0.0121
2019-05-07,1914.0,1910.0,1915.0,1903.0,1.27,0.58,0.3364
2019-05-08,1926.0,1915.0,1933.0,1912.0,0.59,0.63,0.39690000000000003
2019-05-09,1935.0,1925.0,1939.0,1925.0,0.35,0.47,0.22089999999999999
2019-05-10,1943.0,1930.0,1950.0,1902.0,1.43,0.41,0.16809999999999997
2019-05-13,1990.0,1955.0,1990.0,1955.0,1.39,2.42,5.8564
2019-05-14,2003.0,1999.0,2010.0,1985.0,0.93,0.65,0.42250000000000004
2019-05-15,1997.0,2000.0,2005.0,1985.0,0.98,-0.3,0.09
2019-05-16,2007.0,2010.0,2028.0,2003.0,2.14,0.5,0.25
2019-05-17,1975.0,1975.0,1975.0,1975.0,0.02,-1.59,2.5281000000000002
2019-05-20,1985.0,1980.0,1989.0,1975.0,1.6,0.51,0.2601
2019-05-21,1997.0,2007.0,2011.0,1995.0,2.41,0.6,0.36
2019-05-22,1970.0,1988.0,1988.0,1966.0,2.56,-1.35,1.8225000000000002
2019-05-23,1966.0,1965.0,1970.0,1960.0,0.81,-0.2,0.04000000000000001
2019-05-24,1950.0,1968.0,1968.0,1945.0,2.53,-0.81,0.6561000000000001
2019-05-27,1941.0,1949.0,1951.0,1931.0,2.75,-0.46,0.2116
2019-05-28,1941.0,1940.0,1945.0,1934.0,0.69,0.0,0.0
2019-05-29,1946.0,1941.0,1948.0,1941.0,0.48,0.26,0.06760000000000001
2019-05-30,1969.0,1951.0,1969.0,1949.0,1.68,1.18,1.3923999999999999
2019-05-31,1965.0,1971.0,1973.0,1962.0,0.91,-0.2,0.04000000000000001
2019-06-03,1957.0,1998.0,1998.0,1935.0,0.59,-0.41,0.16809999999999997
2019-06-04,1975.0,1956.0,1985.0,1954.0,1.37,0.92,0.8464
2019-06-06,1956.0,1958.0,1960.0,1947.0,1.71,-0.96,0.9216
2019-06-07,1958.0,1952.0,1965.0,1952.0,1.52,0.1,0.010000000000000002
2019-06-10,1952.0,1949.0,1961.0,1948.0,2.66,-0.31,0.0961
2019-06-11,1947.0,1932.0,1960.0,1932.0,0.72,-0.26,0.06760000000000001
2019-06-12,1950.0,1932.0,1958.0,1932.0,4.78,0.15,0.0225
2019-06-13,1950.0,1950.0,1950.0,1950.0,0.01,0.0,0.0
2019-06-14,1955.0,1955.0,1955.0,1955.0,0.01,0.26,0.06760000000000001
2019-06-17,1962.0,1977.0,1977.0,1961.0,0.52,0.36,0.1296
2019-06-18,1960.0,1961.0,1965.0,1960.0,1.85,-0.1,0.010000000000000002
2019-06-19,1960.0,1962.0,1962.0,1960.0,0.06,0.0,0.0
2019-06-20,1935.0,1935.0,1940.0,1931.0,0.37,-1.28,1.6384
2019-06-21,1973.0,1965.0,1974.0,1965.0,0.34,1.96,3.8415999999999997
2019-06-24,1967.0,1965.0,1970.0,1962.0,0.64,-0.3,0.09
2019-06-25,1963.0,1972.0,1973.0,1956.0,0.16,-0.2,0.04000000000000001
2019-06-26,1965.0,1961.0,1968.0,1961.0,0.11,0.1,0.010000000000000002
2019-06-27,1967.0,1968.0,1973.0,1965.0,0.4,0.1,0.010000000000000002
2019-06-28,1976.0,1972.0,1985.0,1972.0,0.88,0.46,0.2116
2019-07-01,1979.0,1972.0,1980.0,1971.0,0.74,0.15,0.0225
2019-07-02,1972.0,1978.0,1978.0,1969.0,0.72,-0.35,0.12249999999999998
2019-07-03,1970.0,1970.0,1970.0,1968.0,0.87,-0.1,0.010000000000000002
2019-07-04,1971.0,1971.0,1975.0,1967.0,0.72,0.05,0.0025000000000000005
2019-07-05,1969.0,1974.0,1974.0,1962.0,1.35,-0.1,0.010000000000000002
2019-07-08,1968.0,1965.0,1970.0,1959.0,1.61,-0.05,0.0025000000000000005
2019-07-09,1953.0,1971.0,1975.0,1951.0,2.65,-0.76,0.5776
2019-07-10,1956.0,1933.0,1958.0,1932.0,2.11,0.15,0.0225
2019-07-11,1961.0,1965.0,1965.0,1946.0,1.59,0.26,0.06760000000000001
2019-07-12,1965.0,1965.0,1965.0,1965.0,0.4,0.2,0.04000000000000001
2019-07-15,2014.0,2005.0,2020.0,2005.0,0.29,2.49,6.200100000000001
2019-07-16,2012.0,2005.0,2015.0,2005.0,0.18,-0.1,0.010000000000000002
2019-07-17,2035.0,2034.0,2035.0,2034.0,0.02,1.14,1.2995999999999999
2019-07-18,2053.0,2049.0,2064.0,2049.0,0.11,0.88,0.7744
2019-07-19,2066.0,2054.0,2090.0,2054.0,0.03,0.63,0.39690000000000003
2019-07-22,2084.0,2082.0,2085.0,2076.0,1.94,0.87,0.7569
2019-07-23,2070.0,2081.0,2082.0,2065.0,0.94,-0.67,0.4489000000000001
2019-07-24,2068.0,2062.0,2071.0,2062.0,0.52,-0.1,0.010000000000000002
2019-07-25,2073.0,2072.0,2074.0,2072.0,0.14,0.24,0.0576
2019-07-26,2075.0,2070.0,2075.0,2070.0,0.83,0.1,0.010000000000000002
2019-07-29,2070.0,2073.0,2073.0,2066.0,0.88,-0.24,0.0576
2019-07-30,2077.0,2071.0,2083.0,2070.0,1.26,0.34,0.11560000000000002
2019-07-31,2081.0,2082.0,2084.0,2073.0,0.12,0.19,0.0361
2019-08-01,2075.0,2080.0,2080.0,2072.0,0.18,-0.29,0.0841
2019-08-02,2073.0,2071.0,2075.0,2070.0,0.18,-0.1,0.010000000000000002
2019-08-05,2065.0,2084.0,2084.0,2053.0,0.87,-0.39,0.1521
2019-08-06,2065.0,2023.0,2070.0,2022.0,1.49,0.0,0.0
2019-08-07,2062.0,2065.0,2065.0,2060.0,0.51,-0.15,0.0225
2019-08-08,2057.0,2062.0,2062.0,2055.0,1.29,-0.24,0.0576
2019-08-09,2048.0,2054.0,2063.0,2042.0,0.78,-0.44,0.1936
2019-08-13,2051.0,2050.0,2060.0,2045.0,0.48,0.15,0.0225
2019-08-14,2071.0,2071.0,2071.0,2071.0,,0.98,0.9603999999999999
2019-08-16,2080.0,2080.0,2080.0,2080.0,0.1,0.43,0.18489999999999998
2019-08-19,2082.0,2080.0,2086.0,2080.0,0.12,0.1,0.010000000000000002
2019-08-20,2090.0,2088.0,2090.0,2088.0,0.13,0.38,0.1444
2019-08-21,2085.0,2085.0,2085.0,2085.0,0.02,-0.24,0.0576
2019-08-22,2095.0,2095.0,2095.0,2095.0,0.01,0.48,0.2304
2019-08-23,2080.0,2082.0,2082.0,2075.0,0.24,-0.72,0.5184
2019-08-26,2082.0,2081.0,2085.0,2075.0,0.22,0.1,0.010000000000000002
2019-08-27,2071.0,2080.0,2090.0,2061.0,0.54,-0.53,0.28090000000000004
2019-08-29,2060.0,2058.0,2060.0,2058.0,0.22,-0.53,0.28090000000000004
2019-08-30,2062.0,2070.0,2070.0,2056.0,0.37,0.1,0.010000000000000002
2019-09-03,2055.0,2056.0,2056.0,2051.0,0.13,-0.34,0.11560000000000002
2019-09-04,2035.0,2051.0,2051.0,2019.0,1.26,-0.97,0.9409
2019-09-05,2032.0,2030.0,2050.0,2015.0,0.56,-0.15,0.0225
2019-09-06,2022.0,2048.0,2051.0,2015.0,0.87,-0.49,0.24009999999999998
2019-09-09,2002.0,2015.0,2035.0,2000.0,1.14,-0.99,0.9801
2019-09-11,2032.0,2002.0,2035.0,2000.0,1.52,1.5,2.25
2019-09-12,2032.0,2029.0,2041.0,2029.0,0.19,0.0,0.0
2019-09-13,2074.0,2067.0,2074.0,2065.0,0.04,2.07,4.2848999999999995
2019-09-16,2055.0,2051.0,2085.0,2051.0,0.12,-0.92,0.8464
2019-09-17,2060.0,2055.0,2060.0,2055.0,0.02,0.24,0.0576
2019-09-18,2055.0,2051.0,2055.0,2051.0,0.03,-0.24,0.0576
2019-09-19,2062.0,2064.0,2065.0,2062.0,0.03,0.34,0.11560000000000002
2019-09-20,2072.0,2070.0,2072.0,2070.0,0.03,0.48,0.2304
2019-09-23,2066.0,2066.0,2066.0,2066.0,0.01,-0.29,0.0841
2019-09-25,2070.0,2070.0,2070.0,2070.0,0.06,0.19,0.0361
2019-09-26,2080.0,2079.0,2080.0,2079.0,0.03,0.48,0.2304
2019-09-27,2081.0,2075.0,2090.0,2075.0,0.16,0.05,0.0025000000000000005
2019-09-30,2081.0,2020.0,2095.0,2020.0,0.07,0.0,0.0
2019-10-01,2091.0,2081.0,2095.0,2081.0,0.13,0.48,0.2304
2019-10-03,2088.0,2090.0,2090.0,2086.0,0.08,-0.14,0.019600000000000003
2019-10-04,2086.0,2085.0,2090.0,2080.0,0.24,-0.1,0.010000000000000002
2019-10-07,2085.0,2085.0,2085.0,2085.0,0.03,-0.05,0.0025000000000000005
2019-10-09,2081.0,2077.0,2089.0,2075.0,0.58,-0.19,0.0361
2019-10-10,2091.0,2078.0,2114.0,2078.0,0.17,0.48,0.2304
2019-10-11,2093.0,2080.0,2100.0,2080.0,0.82,0.1,0.010000000000000002
2019-10-14,2116.0,2116.0,2116.0,2116.0,,1.1,1.2100000000000002
2019-10-15,2125.0,2125.0,2125.0,2125.0,,0.43,0.18489999999999998
2019-10-17,2115.0,2121.0,2121.0,2110.0,0.1,-0.47,0.22089999999999999
2019-10-18,2170.0,2131.0,2170.0,2131.0,0.05,2.6,6.760000000000001
2019-10-22,2151.0,2151.0,2151.0,2151.0,0.05,-0.88,0.7744
2019-10-23,2163.0,2161.0,2171.0,2161.0,0.08,0.56,0.31360000000000005
2019-10-24,2151.0,2170.0,2170.0,2131.0,0.02,-0.55,0.30250000000000005
2019-10-29,2151.0,2151.0,2151.0,2151.0,0.01,0.0,0.0
2019-10-30,2150.0,2150.0,2150.0,2148.0,0.13,-0.05,0.0025000000000000005
2019-11-01,2131.0,2131.0,2131.0,2131.0,0.07,-0.88,0.7744
2019-11-04,2148.0,2140.0,2155.0,2140.0,0.27,0.8,0.6400000000000001
2019-11-05,2167.0,2158.0,2171.0,2158.0,0.09,0.88,0.7744
2019-11-06,2170.0,2170.0,2170.0,2170.0,0.05,0.14,0.019600000000000003
2019-11-07,2171.0,2170.0,2173.0,2170.0,0.08,0.05,0.0025000000000000005
2019-11-11,2117.0,2155.0,2190.0,2100.0,0.61,-2.49,6.200100000000001
2019-11-13,2165.0,2170.0,2170.0,2160.0,0.04,2.27,5.1529
2019-11-15,2174.0,2175.0,2175.0,2170.0,0.11,0.42,0.17639999999999997
2019-11-18,2175.0,2175.0,2175.0,2175.0,0.1,0.05,0.0025000000000000005
2020-01-02,2208.0,2200.0,2230.0,2200.0,0.04,1.52,2.3104
2020-01-13,2280.0,2290.0,2290.0,2260.0,0.03,3.26,10.6276
2020-01-14,2309.0,2309.0,2309.0,2309.0,,1.27,1.6129
2020-01-20,2249.0,2249.0,2249.0,2249.0,0.01,-2.6,6.760000000000001
2020-01-21,2135.0,2135.0,2135.0,2135.0,0.01,-5.07,25.704900000000002
2020-01-22,2073.0,2073.0,2073.0,2073.0,0.01,-2.9,8.41
2020-01-24,2075.0,2075.0,2075.0,2074.0,0.02,0.1,0.010000000000000002
2020-02-20,2206.0,2201.0,2210.0,2201.0,0.02,6.31,39.81609999999999
2020-02-27,2150.0,2150.0,2150.0,2150.0,0.03,-2.54,6.4516
2020-02-28,2100.0,2100.0,2100.0,2100.0,0.02,-2.33,5.4289000000000005
2020-03-11,2031.0,2031.0,2031.0,2031.0,0.01,-3.29,10.8241
2020-03-12,2000.0,2000.0,2000.0,2000.0,0.01,-1.53,2.3409
2020-03-16,2007.0,2007.0,2007.0,2007.0,,0.35,0.12249999999999998
2020-03-17,2007.0,2007.0,2007.0,2007.0,,0.0,0.0
2020-03-18,2007.0,2007.0,2007.0,2007.0,,0.0,0.0
2020-03-19,2013.0,2013.0,2013.0,2013.0,,0.3,0.09
2020-03-20,2000.0,2000.0,2000.0,2000.0,,-0.65,0.42250000000000004
2020-03-23,1855.0,1855.0,1855.0,1855.0,,-7.25,52.5625
2020-03-24,1855.0,1855.0,1855.0,1855.0,,0.0,0.0
2020-03-25,1855.0,1855.0,1855.0,1855.0,,0.0,0.0
2020-03-26,1855.0,1855.0,1855.0,1855.0,,0.0,0.0
2020-03-27,1855.0,1855.0,1855.0,1855.0,,0.0,0.0
2020-03-30,1855.0,1855.0,1855.0,1855.0,,0.0,0.0
2020-03-31,1855.0,1855.0,1855.0,1855.0,,0.0,0.0
2020-04-01,1855.0,1855.0,1855.0,1855.0,,0.0,0.0
2020-04-03,1855.0,1855.0,1855.0,1855.0,,0.0,0.0
2020-04-07,1855.0,1855.0,1855.0,1855.0,,0.0,0.0
2020-04-08,1855.0,1855.0,1855.0,1855.0,,0.0,0.0
2020-04-09,1855.0,1855.0,1855.0,1855.0,,0.0,0.0
2020-04-13,1855.0,1855.0,1855.0,1855.0,,0.0,0.0
2020-04-15,1855.0,1855.0,1855.0,1855.0,,0.0,0.0
2020-04-16,1855.0,1855.0,1855.0,1855.0,,0.0,0.0
2020-04-17,1855.0,1855.0,1855.0,1855.0,,0.0,0.0
2020-04-20,1800.0,1800.0,1800.0,1800.0,0.01,-2.96,8.7616
2020-04-21,1800.0,1800.0,1800.0,1800.0,,0.0,0.0
2020-04-22,1854.0,1854.0,1854.0,1854.0,,3.0,9.0
2020-04-23,1871.0,1871.0,1871.0,1871.0,,0.92,0.8464
2020-04-24,1870.0,1870.0,1870.0,1870.0,,-0.05,0.0025000000000000005
2020-04-27,1891.0,1891.0,1891.0,1891.0,,1.12,1.2544000000000002
2020-04-28,1887.0,1887.0,1887.0,1887.0,,-0.21,0.04409999999999999
2020-04-29,1901.0,1901.0,1901.0,1901.0,,0.74,0.5476
2020-04-30,1944.0,1944.0,1944.0,1944.0,,2.26,5.107599999999999
2020-05-04,1925.0,1925.0,1925.0,1925.0,,-0.98,0.9603999999999999
2020-05-05,1924.0,1924.0,1924.0,1924.0,,-0.05,0.0025000000000000005
2020-05-06,1924.0,1924.0,1924.0,1924.0,,0.0,0.0
2020-05-07,1924.0,1924.0,1924.0,1924.0,,0.0,0.0
2020-05-08,1924.0,1924.0,1924.0,1924.0,,0.0,0.0
2020-05-11,1923.0,1923.0,1923.0,1923.0,,-0.05,0.0025000000000000005
2020-05-12,1923.0,1923.0,1923.0,1923.0,,0.0,0.0
2020-05-13,1922.0,1922.0,1922.0,1922.0,,-0.05,0.0025000000000000005
2020-05-14,1922.0,1922.0,1922.0,1922.0,,0.0,0.0
2020-05-15,1877.0,1877.0,1877.0,1877.0,,-2.34,5.475599999999999
2020-05-18,1893.0,1893.0,1893.0,1893.0,,0.85,0.7224999999999999
2020-05-19,1884.0,1884.0,1884.0,1884.0,,-0.48,0.2304
2020-05-20,1906.0,1906.0,1906.0,1906.0,,1.17,1.3688999999999998
2020-05-21,1888.0,1888.0,1888.0,1888.0,,-0.94,0.8835999999999999
2020-05-22,1899.0,1899.0,1899.0,1899.0,,0.58,0.3364
2020-05-26,1889.0,1889.0,1889.0,1889.0,,-0.53,0.28090000000000004
2020-05-27,1883.0,1883.0,1883.0,1883.0,,-0.32,0.1024
2020-05-28,1883.0,1883.0,1883.0,1883.0,,0.0,0.0
2020-05-29,1884.0,1884.0,1884.0,1884.0,,0.05,0.0025000000000000005
2020-06-01,1901.0,1901.0,1901.0,1901.0,,0.9,0.81
2020-06-02,1904.0,1904.0,1904.0,1904.0,,0.16,0.0256
2020-06-03,1887.0,1887.0,1887.0,1887.0,,-0.89,0.7921
2020-06-04,1881.0,1881.0,1881.0,1881.0,,-0.32,0.1024
2020-06-05,1886.0,1886.0,1886.0,1886.0,,0.27,0.0729
2020-06-08,1885.0,1885.0,1885.0,1885.0,,-0.05,0.0025000000000000005
2020-06-09,1877.0,1877.0,1877.0,1877.0,,-0.42,0.17639999999999997
2020-06-10,1874.0,1874.0,1874.0,1874.0,,-0.16,0.0256
2020-06-11,1880.0,1880.0,1880.0,1880.0,,0.32,0.1024
2020-06-12,1875.0,1875.0,1875.0,1875.0,,-0.27,0.0729
2020-06-15,1872.0,1872.0,1872.0,1872.0,,-0.16,0.0256
2020-06-16,1874.0,1874.0,1874.0,1874.0,,0.11,0.0121
2020-06-17,1880.0,1880.0,1880.0,1880.0,,0.32,0.1024
2020-06-18,1873.0,1873.0,1873.0,1873.0,,-0.37,0.1369
2020-06-19,1887.0,1887.0,1887.0,1887.0,,0.75,0.5625
2020-06-22,1903.0,1903.0,1903.0,1903.0,,0.85,0.7224999999999999
2020-06-23,1903.0,1903.0,1903.0,1903.0,,0.0,0.0
2020-06-24,1906.0,1906.0,1906.0,1906.0,,0.16,0.0256
2020-06-25,1908.0,1908.0,1908.0,1908.0,,0.1,0.010000000000000002
2020-06-26,1905.0,1905.0,1905.0,1905.0,,-0.16,0.0256
2020-06-29,1905.0,1905.0,1905.0,1905.0,,0.0,0.0
2020-06-30,1907.0,1907.0,1907.0,1907.0,,0.1,0.010000000000000002
2020-07-01,1909.0,1909.0,1909.0,1909.0,,0.1,0.010000000000000002
2020-07-02,1904.0,1904.0,1904.0,1904.0,,-0.26,0.06760000000000001
2020-07-03,1894.0,1894.0,1894.0,1894.0,,-0.53,0.28090000000000004
2020-07-06,1890.0,1890.0,1890.0,1890.0,,-0.21,0.04409999999999999
2020-07-07,1903.0,1903.0,1903.0,1903.0,,0.69,0.4760999999999999
2020-07-08,1901.0,1901.0,1901.0,1901.0,,-0.11,0.0121
2020-07-09,1899.0,1899.0,1899.0,1899.0,,-0.11,0.0121
2020-07-10,1897.0,1897.0,1897.0,1897.0,,-0.11,0.0121
2020-07-13,1886.0,1886.0,1886.0,1886.0,,-0.58,0.3364
2020-07-14,1881.0,1881.0,1881.0,1881.0,,-0.27,0.0729
2020-07-15,1881.0,1881.0,1881.0,1881.0,,0.0,0.0
2020-07-16,1882.0,1882.0,1882.0,1882.0,,0.05,0.0025000000000000005
2020-07-17,1873.0,1873.0,1873.0,1873.0,,-0.48,0.2304
2020-07-20,1880.0,1880.0,1880.0,1880.0,,0.37,0.1369
2020-07-21,1859.0,1859.0,1859.0,1859.0,,-1.12,1.2544000000000002
2020-07-22,1865.0,1865.0,1865.0,1865.0,,0.32,0.1024
2020-07-23,1859.0,1859.0,1859.0,1859.0,,-0.32,0.1024
2020-07-24,1849.0,1849.0,1849.0,1849.0,,-0.54,0.2916
2020-07-27,1851.0,1851.0,1851.0,1851.0,,0.11,0.0121
2020-07-28,1845.0,1845.0,1845.0,1845.0,,-0.32,0.1024
2020-07-29,1839.0,1839.0,1839.0,1839.0,,-0.33,0.10890000000000001
2020-07-30,1847.0,1847.0,1847.0,1847.0,,0.44,0.1936
2020-07-31,1839.0,1839.0,1839.0,1839.0,,-0.43,0.18489999999999998
2020-08-03,1839.0,1839.0,1839.0,1839.0,,0.0,0.0
2020-08-04,1838.0,1838.0,1838.0,1838.0,,-0.05,0.0025000000000000005
2020-08-05,1838.0,1838.0,1838.0,1838.0,,0.0,0.0
2020-08-06,1833.0,1833.0,1833.0,1833.0,,-0.27,0.0729
2020-08-07,1838.0,1838.0,1838.0,1838.0,,0.27,0.0729
2020-08-10,1845.0,1845.0,1845.0,1845.0,,0.38,0.1444
2020-08-11,1850.0,1850.0,1850.0,1850.0,,0.27,0.0729
2020-08-12,1850.0,1850.0,1850.0,1850.0,,0.0,0.0
2020-08-13,1829.0,1829.0,1829.0,1829.0,,-1.14,1.2995999999999999
2020-08-14,1835.0,1835.0,1835.0,1835.0,,0.33,0.10890000000000001
2020-08-17,1801.0,1801.0,1801.0,1801.0,,-1.85,3.4225000000000003
2020-08-18,1810.0,1810.0,1810.0,1810.0,,0.5,0.25
2020-08-19,1806.0,1806.0,1806.0,1806.0,,-0.22,0.0484
2020-08-20,1798.0,1798.0,1798.0,1798.0,,-0.44,0.1936
2020-08-21,1803.0,1803.0,1803.0,1803.0,,0.28,0.07840000000000001
2020-08-24,1802.0,1802.0,1802.0,1802.0,,-0.06,0.0036
2020-08-25,1792.0,1792.0,1792.0,1792.0,,-0.55,0.30250000000000005
2020-08-26,1785.0,1785.0,1785.0,1785.0,,-0.39,0.1521
2020-08-27,1776.0,1776.0,1776.0,1776.0,,-0.5,0.25
2020-08-28,1774.0,1774.0,1774.0,1774.0,,-0.11,0.0121
2020-08-31,1777.0,1777.0,1777.0,1777.0,,0.17,0.028900000000000006
2020-09-01,1777.0,1777.0,1777.0,1777.0,,0.0,0.0
2020-09-02,1765.0,1765.0,1765.0,1765.0,,-0.68,0.4624000000000001
2020-09-03,1778.0,1778.0,1778.0,1778.0,,0.74,0.5476
2020-09-04,1767.0,1767.0,1767.0,1767.0,,-0.62,0.3844
2020-09-07,1768.0,1768.0,1768.0,1768.0,,0.06,0.0036
2020-09-08,1766.0,1766.0,1766.0,1766.0,,-0.11,0.0121
2020-09-09,1763.0,1763.0,1763.0,1763.0,,-0.17,0.028900000000000006
2020-09-10,1759.0,1759.0,1759.0,1759.0,,-0.23,0.0529
2020-09-11,1759.0,1759.0,1759.0,1759.0,,0.0,0.0
2020-09-14,1748.0,1748.0,1748.0,1748.0,,-0.63,0.39690000000000003
2020-09-15,1755.0,1755.0,1755.0,1755.0,,0.4,0.16000000000000003
2020-09-16,1747.0,1747.0,1747.0,1747.0,,-0.46,0.2116
2020-09-17,1743.0,1743.0,1743.0,1743.0,,-0.23,0.0529
2020-09-18,1750.0,1750.0,1750.0,1750.0,,0.4,0.16000000000000003
2020-09-21,1756.0,1756.0,1756.0,1756.0,,0.34,0.11560000000000002
2020-09-22,1735.0,1735.0,1735.0,1735.0,,-1.2,1.44
2020-09-23,1724.0,1724.0,1724.0,1724.0,,-0.63,0.39690000000000003
2020-09-24,1727.0,1727.0,1727.0,1727.0,,0.17,0.028900000000000006
2020-09-25,1737.0,1737.0,1737.0,1737.0,,0.58,0.3364
2020-09-28,1738.0,1738.0,1738.0,1738.0,,0.06,0.0036
2020-09-29,1741.0,1741.0,1741.0,1741.0,,0.17,0.028900000000000006
2020-09-30,1733.0,1733.0,1733.0,1733.0,,-0.46,0.2116
2020-10-01,1725.0,1725.0,1725.0,1725.0,,-0.46,0.2116
2020-10-05,1740.0,1740.0,1740.0,1740.0,,0.87,0.7569
2020-10-06,1733.0,1733.0,1733.0,1733.0,,-0.4,0.16000000000000003
2020-10-07,1726.0,1726.0,1726.0,1726.0,,-0.4,0.16000000000000003
2020-10-08,1738.0,1738.0,1738.0,1738.0,,0.7,0.48999999999999994
2020-10-09,1725.0,1725.0,1725.0,1725.0,,-0.75,0.5625
2020-10-12,1718.0,1718.0,1718.0,1718.0,,-0.41,0.16809999999999997
2020-10-13,1726.0,1726.0,1726.0,1726.0,,0.47,0.22089999999999999
2020-10-14,1722.0,1722.0,1722.0,1722.0,,-0.23,0.0529
2020-10-15,1731.0,1731.0,1731.0,1731.0,,0.52,0.27040000000000003
2020-10-16,1740.0,1740.0,1740.0,1740.0,,0.52,0.27040000000000003
2020-10-19,1753.0,1753.0,1753.0,1753.0,,0.75,0.5625
2020-10-20,1745.0,1745.0,1745.0,1745.0,,-0.46,0.2116
2020-10-21,1760.0,1760.0,1760.0,1760.0,,0.86,0.7395999999999999
2020-10-22,1758.0,1758.0,1758.0,1758.0,,-0.11,0.0121
2020-10-23,1773.0,1773.0,1773.0,1773.0,,0.85,0.7224999999999999
2020-10-26,1774.0,1774.0,1774.0,1774.0,,0.06,0.0036
2020-10-27,1780.0,1780.0,1780.0,1780.0,,0.34,0.11560000000000002
2020-10-28,1775.0,1775.0,1775.0,1775.0,,-0.28,0.07840000000000001
2020-10-29,1774.0,1774.0,1774.0,1774.0,,-0.06,0.0036
2020-10-30,1776.0,1776.0,1776.0,1776.0,,0.11,0.0121
2020-11-02,1781.0,1781.0,1781.0,1781.0,,0.28,0.07840000000000001
2020-11-03,1764.0,1764.0,1764.0,1764.0,,-0.95,0.9025
2020-11-04,1763.0,1763.0,1763.0,1763.0,,-0.06,0.0036
2020-11-05,1782.0,1782.0,1782.0,1782.0,,1.08,1.1664
2020-11-06,1768.0,1768.0,1768.0,1768.0,,-0.79,0.6241000000000001
2020-11-09,1769.0,1769.0,1769.0,1769.0,,0.06,0.0036
2020-11-10,1776.0,1776.0,1776.0,1776.0,,0.4,0.16000000000000003
2020-11-11,1763.0,1763.0,1763.0,1763.0,,-0.73,0.5328999999999999
2020-11-12,1773.0,1773.0,1773.0,1773.0,,0.57,0.32489999999999997
2020-11-13,1773.0,1773.0,1773.0,1773.0,,0.0,0.0
2020-11-17,1772.0,1772.0,1772.0,1772.0,,-0.06,0.0036
2020-11-18,1791.0,1791.0,1791.0,1791.0,,1.07,1.1449
2020-11-19,1784.0,1784.0,1784.0,1784.0,,-0.39,0.1521
2020-11-20,1763.0,1763.0,1763.0,1763.0,,-1.18,1.3923999999999999
2020-11-23,1770.0,1770.0,1770.0,1770.0,,0.4,0.16000000000000003
2020-11-24,1776.0,1776.0,1776.0,1776.0,,0.34,0.11560000000000002
2020-11-25,1767.0,1767.0,1767.0,1767.0,,-0.51,0.2601
2020-11-26,1770.0,1770.0,1770.0,1770.0,,0.17,0.028900000000000006
2020-11-27,1772.0,1772.0,1772.0,1772.0,,0.11,0.0121
2020-12-01,1761.0,1761.0,1761.0,1761.0,,-0.62,0.3844
2020-12-02,1751.0,1751.0,1751.0,1751.0,,-0.57,0.32489999999999997
2020-12-03,1757.0,1757.0,1757.0,1757.0,,0.34,0.11560000000000002
2020-12-04,1739.0,1739.0,1739.0,1739.0,,-1.02,1.0404
2020-12-07,1741.0,1741.0,1741.0,1741.0,,0.12,0.0144
2020-12-08,1741.0,1741.0,1741.0,1741.0,,0.0,0.0
2020-12-09,1742.0,1742.0,1742.0,1742.0,,0.06,0.0036
2020-12-10,1734.0,1734.0,1734.0,1734.0,,-0.46,0.2116
2020-12-11,1733.0,1733.0,1733.0,1733.0,,-0.06,0.0036
2020-12-14,1733.0,1733.0,1733.0,1733.0,,0.0,0.0
2020-12-15,1701.0,1701.0,1701.0,1701.0,,-1.85,3.4225000000000003
2020-12-16,1719.0,1719.0,1719.0,1719.0,,1.06,1.1236000000000002
2020-12-17,1728.0,1728.0,1728.0,1728.0,,0.52,0.27040000000000003
2020-12-18,1725.0,1725.0,1725.0,1725.0,,-0.17,0.028900000000000006
2020-12-21,1722.0,1722.0,1722.0,1722.0,,-0.17,0.028900000000000006
2020-12-22,1731.0,1731.0,1731.0,1731.0,,0.52,0.27040000000000003
2020-12-23,1727.0,1727.0,1727.0,1727.0,,-0.23,0.0529
2020-12-24,1733.0,1733.0,1733.0,1733.0,,0.35,0.12249999999999998
2020-12-28,1744.0,1744.0,1744.0,1744.0,,0.63,0.39690000000000003
2020-12-29,1749.0,1749.0,1749.0,1749.0,,0.29,0.0841
2020-12-30,1751.0,1751.0,1751.0,1751.0,,0.11,0.0121
2020-12-31,1752.0,1752.0,1752.0,1752.0,,0.06,0.0036
2021-01-01,1754.0,1754.0,1754.0,1754.0,,0.11,0.0121
2021-01-04,1789.0,1789.0,1789.0,1789.0,,2.0,4.0
2021-01-05,1808.0,1808.0,1808.0,1808.0,,1.06,1.1236000000000002
2021-01-06,1822.0,1822.0,1822.0,1822.0,,0.77,0.5929
2021-01-07,1821.0,1821.0,1821.0,1821.0,,-0.05,0.0025000000000000005
2021-01-08,1823.0,1823.0,1823.0,1823.0,,0.11,0.0121
2021-01-11,1827.0,1827.0,1827.0,1827.0,,0.22,0.0484
2021-01-12,1830.0,1830.0,1830.0,1830.0,,0.16,0.0256
2021-01-13,1831.0,1831.0,1831.0,1831.0,,0.05,0.0025000000000000005
2021-01-14,1831.0,1831.0,1831.0,1831.0,,0.0,0.0
2021-01-15,1851.0,1851.0,1851.0,1851.0,,1.09,1.1881000000000002
2021-01-18,1864.0,1864.0,1864.0,1864.0,,0.7,0.48999999999999994
2021-01-19,1856.0,1856.0,1856.0,1856.0,,-0.43,0.18489999999999998
2021-01-20,1862.0,1862.0,1862.0,1862.0,,0.32,0.1024
2021-01-21,1862.0,1862.0,1862.0,1862.0,,0.0,0.0
2021-01-22,1850.0,1850.0,1850.0,1850.0,,-0.64,0.4096
2021-01-25,1839.0,1839.0,1839.0,1839.0,,-0.59,0.34809999999999997
2021-01-27,1833.0,1833.0,1833.0,1833.0,,-0.33,0.10890000000000001
2021-01-28,1824.0,1824.0,1824.0,1824.0,,-0.49,0.24009999999999998
2021-01-29,1819.0,1819.0,1819.0,1819.0,,-0.27,0.0729
2021-02-01,1833.0,1833.0,1833.0,1833.0,,0.77,0.5929
2021-02-02,1828.0,1828.0,1828.0,1828.0,,-0.27,0.0729
2021-02-03,1828.0,1828.0,1828.0,1828.0,,0.0,0.0
2021-02-04,1815.0,1815.0,1815.0,1815.0,,-0.71,0.5041
2021-02-05,1813.0,1813.0,1813.0,1813.0,,-0.11,0.0121
2021-02-08,1817.0,1817.0,1817.0,1817.0,,0.22,0.0484
2021-02-09,1810.0,1810.0,1810.0,1810.0,,-0.39,0.1521
2021-02-10,1809.0,1809.0,1809.0,1809.0,,-0.06,0.0036
2021-02-11,1802.0,1802.0,1802.0,1802.0,,-0.39,0.1521
2021-02-12,1795.0,1795.0,1795.0,1795.0,,-0.39,0.1521
2021-02-15,1783.0,1783.0,1783.0,1783.0,,-0.67,0.4489000000000001
2021-02-16,1783.0,1783.0,1783.0,1783.0,,0.0,0.0
2021-02-17,1788.0,1788.0,1788.0,1788.0,,0.28,0.07840000000000001
2021-02-18,1801.0,1801.0,1801.0,1801.0,,0.73,0.5328999999999999
2021-02-19,1802.0,1802.0,1802.0,1802.0,,0.06,0.0036
2021-02-22,1807.0,1807.0,1807.0,1807.0,,0.28,0.07840000000000001
2021-02-23,1808.0,1808.0,1808.0,1808.0,,0.06,0.0036
2021-02-24,1802.0,1802.0,1802.0,1802.0,,-0.33,0.10890000000000001
2021-02-25,1804.0,1804.0,1804.0,1804.0,,0.11,0.0121
2021-02-26,1797.0,1797.0,1797.0,1797.0,,-0.39,0.1521
2021-03-01,1804.0,1804.0,1804.0,1804.0,,0.39,0.1521
2021-03-02,1805.0,1805.0,1805.0,1805.0,,0.06,0.0036
2021-03-03,1803.0,1803.0,1803.0,1803.0,,-0.11,0.0121
2021-03-04,1811.0,1811.0,1811.0,1811.0,,0.44,0.1936
2021-03-05,1817.0,1817.0,1817.0,1817.0,,0.33,0.10890000000000001
2021-03-08,1795.0,1795.0,1795.0,1795.0,,-1.21,1.4641
2021-03-09,1802.0,1802.0,1802.0,1802.0,,0.39,0.1521
2021-03-10,1802.0,1802.0,1802.0,1802.0,,0.0,0.0
2021-03-12,1802.0,1802.0,1802.0,1802.0,,0.0,0.0
2021-03-15,1809.0,1809.0,1809.0,1809.0,,0.39,0.1521
2021-03-16,1814.0,1814.0,1814.0,1814.0,,0.28,0.07840000000000001
2021-03-17,1813.0,1813.0,1813.0,1813.0,,-0.06,0.0036
2021-03-18,1823.0,1823.0,1823.0,1823.0,,0.55,0.30250000000000005
2021-03-19,1817.0,1817.0,1817.0,1817.0,,-0.33,0.10890000000000001
2021-03-22,1851.0,1851.0,1851.0,1851.0,0.01,1.87,3.4969000000000006
2021-03-23,1843.0,1843.0,1843.0,1843.0,,-0.43,0.18489999999999998
2021-03-24,1845.0,1845.0,1845.0,1845.0,,0.11,0.0121
2021-03-25,1860.0,1860.0,1860.0,1860.0,0.2,0.81,0.6561000000000001
2021-03-26,1865.0,1865.0,1865.0,1865.0,0.05,0.27,0.0729
2021-03-29,1865.0,1865.0,1865.0,1865.0,,0.0,0.0
2021-03-30,1834.0,1834.0,1834.0,1834.0,,-1.66,2.7556
2021-03-31,1838.0,1838.0,1838.0,1838.0,,0.22,0.0484
2021-04-01,1852.0,1852.0,1852.0,1852.0,0.01,0.76,0.5776
2021-04-05,1850.0,1850.0,1850.0,1850.0,,-0.11,0.0121
2021-04-06,1858.0,1858.0,1858.0,1858.0,,0.43,0.18489999999999998
2021-04-07,1855.0,1855.0,1855.0,1855.0,,-0.16,0.0256
2021-04-08,1863.0,1863.0,1863.0,1863.0,,0.43,0.18489999999999998
2021-04-09,1841.0,1841.0,1841.0,1841.0,0.01,-1.18,1.3923999999999999
2021-04-12,1841.0,1841.0,1841.0,1841.0,,0.0,0.0
2021-04-13,1902.0,1902.0,1902.0,1902.0,,3.31,10.956100000000001
2021-04-14,1902.0,1902.0,1902.0,1902.0,,0.0,0.0
2021-04-15,1901.0,1901.0,1901.0,1901.0,,-0.05,0.0025000000000000005
2021-04-16,1901.0,1901.0,1901.0,1901.0,,0.0,0.0
2021-04-19,1915.0,1915.0,1915.0,1915.0,,0.74,0.5476
2021-04-20,1922.0,1922.0,1922.0,1922.0,,0.37,0.1369
2021-04-21,1922.0,1922.0,1922.0,1922.0,,0.0,0.0
2021-04-22,1925.0,1925.0,1925.0,1925.0,,0.16,0.0256
2021-04-23,1921.0,1921.0,1921.0,1921.0,,-0.21,0.04409999999999999
2021-04-26,1895.0,1895.0,1895.0,1895.0,,-1.35,1.8225000000000002
2021-04-27,1890.0,1890.0,1890.0,1890.0,,-0.26,0.06760000000000001
2021-04-28,1898.0,1898.0,1898.0,1898.0,,0.42,0.17639999999999997
2021-04-29,1898.0,1898.0,1898.0,1898.0,,0.0,0.0
2021-04-30,1897.0,1897.0,1897.0,1897.0,,-0.05,0.0025000000000000005
2021-05-03,1854.0,1854.0,1854.0,1854.0,,-2.27,5.1529
2021-05-04,1899.0,1899.0,1899.0,1899.0,,2.43,5.9049000000000005
2021-05-05,1901.0,1901.0,1901.0,1901.0,,0.11,0.0121
2021-05-06,1901.0,1901.0,1901.0,1901.0,,0.0,0.0
2021-05-07,1900.0,1900.0,1900.0,1900.0,,-0.05,0.0025000000000000005
2021-05-10,1900.0,1900.0,1900.0,1900.0,,0.0,0.0
2021-05-11,1900.0,1900.0,1900.0,1900.0,,0.0,0.0
2021-05-12,1900.0,1900.0,1900.0,1900.0,,0.0,0.0
2021-05-13,1900.0,1900.0,1900.0,1900.0,,0.0,0.0
2021-05-14,1899.0,1899.0,1899.0,1899.0,,-0.05,0.0025000000000000005
2021-05-17,1899.0,1899.0,1899.0,1899.0,,0.0,0.0
2021-05-18,1898.0,1898.0,1898.0,1898.0,,-0.05,0.0025000000000000005
2021-05-19,1898.0,1898.0,1898.0,1898.0,,0.0,0.0
2021-05-20,1898.0,1898.0,1898.0,1898.0,,0.0,0.0
2021-05-21,1861.0,1861.0,1861.0,1861.0,,-1.95,3.8024999999999998
2021-05-24,1878.0,1878.0,1878.0,1878.0,,0.91,0.8281000000000001
2021-05-25,1896.0,1896.0,1896.0,1896.0,,0.96,0.9216
2021-05-26,1889.0,1889.0,1889.0,1889.0,,-0.37,0.1369
2021-05-27,1903.0,1903.0,1903.0,1903.0,,0.74,0.5476
2021-05-28,1841.0,1846.0,1847.0,1828.0,0.03,-3.26,10.6276
2021-05-31,1883.0,1883.0,1883.0,1883.0,,2.28,5.1983999999999995
2021-06-01,1847.0,1847.0,1847.0,1847.0,0.01,-1.91,3.6481
2021-06-02,1793.0,1793.0,1793.0,1793.0,0.01,-2.92,8.526399999999999
2021-06-03,1793.0,1793.0,1793.0,1793.0,,0.0,0.0
2021-06-04,1793.0,1793.0,1793.0,1793.0,,0.0,0.0
2021-06-07,1793.0,1793.0,1793.0,1793.0,,0.0,0.0
2021-06-08,1793.0,1793.0,1793.0,1793.0,,0.0,0.0
2021-06-09,1793.0,1793.0,1793.0,1793.0,0.01,0.0,0.0
2021-06-10,1740.0,1740.0,1740.0,1740.0,0.01,-2.96,8.7616
2021-06-11,1740.0,1740.0,1740.0,1740.0,,0.0,0.0
2021-06-14,1740.0,1740.0,1740.0,1740.0,,0.0,0.0
2021-06-15,1740.0,1740.0,1740.0,1740.0,,0.0,0.0
2021-06-16,1688.0,1688.0,1688.0,1688.0,0.01,-2.99,8.940100000000001
2021-06-18,1747.0,1738.0,1755.0,1738.0,0.02,3.5,12.25
2021-06-21,1747.0,1747.0,1747.0,1747.0,,0.0,0.0
2021-06-22,1747.0,1747.0,1747.0,1747.0,,0.0,0.0
2021-06-23,1747.0,1747.0,1747.0,1747.0,,0.0,0.0
2021-06-24,1725.0,1725.0,1725.0,1725.0,0.1,-1.26,1.5876000000000001
2021-06-25,1729.0,1725.0,1730.0,1725.0,0.15,0.23,0.0529
2021-06-28,1729.0,1729.0,1729.0,1729.0,,0.0,0.0
2021-06-29,1729.0,1729.0,1729.0,1729.0,,0.0,0.0
2021-06-30,1729.0,1729.0,1729.0,1729.0,,0.0,0.0
2021-07-01,1729.0,1729.0,1729.0,1729.0,,0.0,0.0
2021-07-02,1729.0,1729.0,1729.0,1729.0,,0.0,0.0
2021-07-05,1729.0,1729.0,1729.0,1729.0,,0.0,0.0
2021-07-06,1729.0,1729.0,1729.0,1729.0,,0.0,0.0
2021-07-07,1729.0,1729.0,1729.0,1729.0,,0.0,0.0
2021-07-08,1729.0,1729.0,1729.0,1729.0,,0.0,0.0
2021-07-09,1778.0,1775.0,1780.0,1775.0,0.23,2.83,8.0089
2021-07-12,1778.0,1778.0,1778.0,1778.0,,0.0,0.0
2021-07-13,1778.0,1778.0,1778.0,1778.0,,0.0,0.0
2021-07-14,1778.0,1778.0,1778.0,1778.0,,0.0,0.0
2021-07-15,1778.0,1778.0,1778.0,1778.0,,0.0,0.0
2021-07-16,1778.0,1778.0,1778.0,1778.0,,0.0,0.0
2021-07-19,1778.0,1778.0,1778.0,1778.0,,0.0,0.0
2021-07-20,1868.0,1868.0,1868.0,1868.0,,5.06,25.603599999999997
2021-07-21,1778.0,1778.0,1778.0,1778.0,,-4.82,23.232400000000002
2021-07-22,1778.0,1778.0,1778.0,1778.0,,0.0,0.0
2021-07-23,1778.0,1778.0,1778.0,1778.0,,0.0,0.0
2021-07-26,1778.0,1778.0,1778.0,1778.0,,0.0,0.0
2021-07-27,1778.0,1778.0,1778.0,1778.0,,0.0,0.0
2021-07-28,1778.0,1778.0,1778.0,1778.0,,0.0,0.0
2021-07-29,1778.0,1778.0,1778.0,1778.0,,0.0,0.0
2021-07-30,1831.0,1831.0,1831.0,1831.0,,2.98,8.8804
2021-08-02,1885.0,1885.0,1885.0,1885.0,,2.95,8.7025
2021-08-03,1900.0,1900.0,1900.0,1900.0,,0.8,0.6400000000000001
2021-08-04,1903.0,1903.0,1903.0,1903.0,,0.16,0.0256
2021-08-05,1905.0,1905.0,1905.0,1905.0,,0.11,0.0121
2021-08-06,1903.0,1903.0,1903.0,1903.0,,-0.1,0.010000000000000002
2021-08-09,1907.0,1907.0,1907.0,1907.0,,0.21,0.04409999999999999
2021-08-10,1908.0,1908.0,1908.0,1908.0,,0.05,0.0025000000000000005
2021-08-11,1901.0,1901.0,1901.0,1901.0,,-0.37,0.1369
2021-08-12,1904.0,1904.0,1904.0,1904.0,,0.16,0.0256
2021-08-13,1900.0,1900.0,1900.0,1900.0,,-0.21,0.04409999999999999
2021-08-16,1900.0,1900.0,1900.0,1900.0,,0.0,0.0
2021-08-17,1887.0,1887.0,1887.0,1887.0,,-0.68,0.4624000000000001
2021-08-18,1896.0,1896.0,1896.0,1896.0,,0.48,0.2304
2021-08-19,1896.0,1896.0,1896.0,1896.0,,0.0,0.0
2021-08-20,1895.0,1895.0,1895.0,1895.0,,-0.05,0.0025000000000000005
2021-08-23,1904.0,1904.0,1904.0,1904.0,,0.47,0.22089999999999999
2021-08-24,1934.0,1934.0,1934.0,1934.0,,1.58,2.4964000000000004
2021-08-25,1945.0,1945.0,1945.0,1945.0,,0.57,0.32489999999999997
2021-08-26,1971.0,1971.0,1971.0,1971.0,,1.34,1.7956000000000003
2021-08-27,1971.0,1971.0,1971.0,1971.0,,0.0,0.0
2021-08-30,1990.0,1990.0,1990.0,1990.0,,0.96,0.9216
2021-08-31,1989.0,1989.0,1989.0,1989.0,,-0.05,0.0025000000000000005
2021-09-01,1967.0,1967.0,1967.0,1967.0,,-1.11,1.2321000000000002
2021-09-02,1973.0,1973.0,1973.0,1973.0,,0.31,0.0961
2021-09-03,1967.0,1967.0,1967.0,1967.0,,-0.3,0.09
2021-09-06,2013.0,2013.0,2013.0,2013.0,,2.34,5.475599999999999
2021-09-07,2020.0,2020.0,2020.0,2020.0,,0.35,0.12249999999999998
2021-09-08,2037.0,2037.0,2037.0,2037.0,,0.84,0.7055999999999999
2021-09-09,2031.0,2031.0,2031.0,2031.0,,-0.29,0.0841
2021-09-10,2031.0,2031.0,2031.0,2031.0,,0.0,0.0
2021-09-13,2014.0,2014.0,2014.0,2014.0,,-0.84,0.7055999999999999
2021-09-14,2013.0,2013.0,2013.0,2013.0,,-0.05,0.0025000000000000005
2021-09-15,2013.0,2013.0,2013.0,2013.0,,0.0,0.0
2021-09-16,2009.0,2009.0,2009.0,2009.0,,-0.2,0.04000000000000001
2021-09-17,2006.0,2006.0,2006.0,2006.0,,-0.15,0.0225
2021-09-20,2000.0,2000.0,2000.0,2000.0,,-0.3,0.09
2021-09-21,2024.0,2024.0,2024.0,2024.0,,1.2,1.44
2021-09-22,2008.0,2008.0,2008.0,2008.0,,-0.79,0.6241000000000001
2021-09-23,2011.0,2011.0,2011.0,2011.0,,0.15,0.0225
2021-09-24,2009.0,2009.0,2009.0,2009.0,,-0.1,0.010000000000000002
2021-09-27,2003.0,2003.0,2003.0,2003.0,,-0.3,0.09
2021-09-28,2008.0,2008.0,2008.0,2008.0,,0.25,0.0625
2021-09-29,2012.0,2012.0,2012.0,2012.0,,0.2,0.04000000000000001
2021-09-30,2028.0,2028.0,2028.0,2028.0,,0.8,0.6400000000000001
2021-10-01,2022.0,2022.0,2022.0,2022.0,,-0.3,0.09
2021-10-04,2022.0,2022.0,2022.0,2022.0,,0.0,0.0
2021-10-05,2054.0,2054.0,2054.0,2054.0,,1.58,2.4964000000000004
2021-10-06,2063.0,2063.0,2063.0,2063.0,,0.44,0.1936
2021-10-07,2063.0,2063.0,2063.0,2063.0,,0.0,0.0
2021-10-08,2072.0,2072.0,2072.0,2072.0,,0.44,0.1936
2021-10-11,2102.0,2102.0,2102.0,2102.0,,1.45,2.1025
2021-10-12,2102.0,2102.0,2102.0,2102.0,,0.0,0.0
2021-10-13,2102.0,2102.0,2102.0,2102.0,,0.0,0.0
2021-10-14,2102.0,2102.0,2102.0,2102.0,,0.0,0.0
2021-10-15,2102.0,2102.0,2102.0,2102.0,,0.0,0.0
2021-10-18,2101.0,2101.0,2101.0,2101.0,,-0.05,0.0025000000000000005
2021-10-19,2101.0,2101.0,2101.0,2101.0,,0.0,0.0
2021-10-20,2102.0,2102.0,2102.0,2102.0,,0.05,0.0025000000000000005
2021-10-21,2109.0,2109.0,2109.0,2109.0,,0.33,0.10890000000000001
2021-10-22,2109.0,2109.0,2109.0,2109.0,,0.0,0.0
2021-10-25,2118.0,2118.0,2118.0,2118.0,,0.43,0.18489999999999998
2021-10-26,2115.0,2115.0,2115.0,2115.0,,-0.14,0.019600000000000003
2021-10-27,2115.0,2115.0,2115.0,2115.0,,0.0,0.0
2021-10-28,2115.0,2115.0,2115.0,2115.0,,0.0,0.0
2021-10-29,2126.0,2126.0,2126.0,2126.0,,0.52,0.27040000000000003
2021-11-01,2127.0,2127.0,2127.0,2127.0,,0.05,0.0025000000000000005
2021-11-02,2127.0,2127.0,2127.0,2127.0,,0.0,0.0
2021-11-03,2126.0,2126.0,2126.0,2126.0,,-0.05,0.0025000000000000005
2021-11-04,2126.0,2126.0,2126.0,2126.0,,0.0,0.0
2021-11-05,2126.0,2126.0,2126.0,2126.0,,0.0,0.0
2021-11-08,2120.0,2120.0,2120.0,2120.0,,-0.28,0.07840000000000001
2021-11-09,2127.0,2127.0,2127.0,2127.0,,0.33,0.10890000000000001
2021-11-10,2135.0,2135.0,2135.0,2135.0,,0.38,0.1444
2021-11-11,2132.0,2132.0,2132.0,2132.0,,-0.14,0.019600000000000003
2021-11-12,2139.0,2139.0,2139.0,2139.0,,0.33,0.10890000000000001
2021-11-15,2133.0,2133.0,2133.0,2133.0,,-0.28,0.07840000000000001
2021-11-16,2130.0,2130.0,2130.0,2130.0,,-0.14,0.019600000000000003
2021-11-17,2126.0,2126.0,2126.0,2126.0,,-0.19,0.0361
2021-11-18,2125.0,2125.0,2125.0,2125.0,,-0.05,0.0025000000000000005
2021-11-19,2132.0,2132.0,2132.0,2132.0,,0.33,0.10890000000000001
2021-11-22,2131.0,2131.0,2131.0,2131.0,,-0.05,0.0025000000000000005
2021-11-23,2146.0,2146.0,2146.0,2146.0,,0.7,0.48999999999999994
2021-11-24,2141.0,2141.0,2141.0,2141.0,,-0.23,0.0529
2021-11-25,2131.0,2131.0,2131.0,2131.0,,-0.47,0.22089999999999999
2021-11-26,2118.0,2118.0,2118.0,2118.0,,-0.61,0.3721
2021-11-29,2140.0,2140.0,2140.0,2140.0,,1.04,1.0816000000000001
2021-11-30,2145.0,2145.0,2145.0,2145.0,,0.23,0.0529
2021-12-01,2135.0,2135.0,2135.0,2135.0,,-0.47,0.22089999999999999
2021-12-02,2129.0,2129.0,2129.0,2129.0,,-0.28,0.07840000000000001
2021-12-03,2144.0,2144.0,2144.0,2144.0,,0.7,0.48999999999999994
2021-12-06,2138.0,2138.0,2138.0,2138.0,,-0.28,0.07840000000000001
2021-12-07,2135.0,2135.0,2135.0,2135.0,,-0.14,0.019600000000000003
2021-12-08,2134.0,2134.0,2134.0,2134.0,,-0.05,0.0025000000000000005
2021-12-09,2135.0,2135.0,2135.0,2135.0,,0.05,0.0025000000000000005
2021-12-10,2134.0,2134.0,2134.0,2134.0,,-0.05,0.0025000000000000005
2021-12-13,2133.0,2133.0,2133.0,2133.0,,-0.05,0.0025000000000000005
2021-12-14,2127.0,2127.0,2127.0,2127.0,,-0.28,0.07840000000000001
2021-12-15,2112.0,2112.0,2112.0,2112.0,,-0.71,0.5041
2021-12-16,2126.0,2126.0,2126.0,2126.0,,0.66,0.43560000000000004
2021-12-17,2112.0,2112.0,2112.0,2112.0,,-0.66,0.43560000000000004
2021-12-20,2100.0,2100.0,2100.0,2100.0,,-0.57,0.32489999999999997
2021-12-21,2107.0,2107.0,2107.0,2107.0,,0.33,0.10890000000000001
2021-12-22,2107.0,2107.0,2107.0,2107.0,,0.0,0.0
2021-12-23,2107.0,2107.0,2107.0,2107.0,,0.0,0.0
2021-12-24,2107.0,2107.0,2107.0,2107.0,,0.0,0.0
2021-12-27,2106.0,2106.0,2106.0,2106.0,,-0.05,0.0025000000000000005
2021-12-28,2106.0,2106.0,2106.0,2106.0,,0.0,0.0
2021-12-29,2105.0,2105.0,2105.0,2105.0,,-0.05,0.0025000000000000005
2021-12-30,2105.0,2105.0,2105.0,2105.0,,0.0,0.0
2021-12-31,2105.0,2105.0,2105.0,2105.0,,0.0,0.0
2022-01-03,2104.0,2104.0,2104.0,2104.0,,-0.05,0.0025000000000000005
2022-01-04,2119.0,2119.0,2119.0,2119.0,,0.71,0.5041
2022-01-05,2119.0,2119.0,2119.0,2119.0,,0.0,0.0
2022-01-06,2119.0,2119.0,2119.0,2119.0,,0.0,0.0
2022-01-07,2103.0,2103.0,2103.0,2103.0,,-0.76,0.5776
2022-01-10,2133.0,2133.0,2133.0,2133.0,,1.43,2.0448999999999997
2022-01-11,2118.0,2118.0,2118.0,2118.0,,-0.7,0.48999999999999994
2022-01-12,2117.0,2117.0,2117.0,2117.0,,-0.05,0.0025000000000000005
2022-01-13,2102.0,2102.0,2102.0,2102.0,,-0.71,0.5041
2022-01-14,2102.0,2102.0,2102.0,2102.0,,0.0,0.0
2022-01-17,2116.0,2116.0,2116.0,2116.0,,0.67,0.4489000000000001
2022-01-18,2116.0,2116.0,2116.0,2116.0,,0.0,0.0
2022-01-19,2116.0,2116.0,2116.0,2116.0,,0.0,0.0
2022-01-20,2115.0,2115.0,2115.0,2115.0,,-0.05,0.0025000000000000005
2022-01-21,2147.0,2147.0,2147.0,2147.0,,1.51,2.2801
2022-01-24,2121.0,2121.0,2121.0,2121.0,,-1.21,1.4641
2022-01-25,2121.0,2121.0,2121.0,2121.0,,0.0,0.0
2022-01-27,2126.0,2126.0,2126.0,2126.0,,0.24,0.0576
2022-01-28,2125.0,2125.0,2125.0,2125.0,,-0.05,0.0025000000000000005
2022-01-31,2125.0,2125.0,2125.0,2125.0,,0.0,0.0
2022-02-01,2150.0,2150.0,2150.0,2150.0,,1.18,1.3923999999999999
2022-02-02,2144.0,2144.0,2144.0,2144.0,,-0.28,0.07840000000000001
2022-02-03,2144.0,2144.0,2144.0,2144.0,,0.0,0.0
2022-02-04,2144.0,2144.0,2144.0,2144.0,,0.0,0.0
2022-02-07,2143.0,2143.0,2143.0,2143.0,,-0.05,0.0025000000000000005
2022-02-08,2143.0,2143.0,2143.0,2143.0,,0.0,0.0
2022-02-09,2143.0,2143.0,2143.0,2143.0,,0.0,0.0
2022-02-10,2124.0,2124.0,2124.0,2124.0,,-0.89,0.7921
2022-02-11,2152.0,2152.0,2152.0,2152.0,,1.32,1.7424000000000002
2022-02-14,2136.0,2136.0,2136.0,2136.0,,-0.74,0.5476
2022-02-15,2121.0,2121.0,2121.0,2121.0,,-0.7,0.48999999999999994
2022-02-16,2101.0,2101.0,2101.0,2101.0,,-0.94,0.8835999999999999
2022-02-17,2101.0,2101.0,2101.0,2101.0,,0.0,0.0
2022-02-18,2125.0,2125.0,2125.0,2125.0,,1.14,1.2995999999999999
2022-02-21,2112.0,2112.0,2112.0,2112.0,,-0.61,0.3721
2022-02-22,2106.0,2106.0,2106.0,2106.0,,-0.28,0.07840000000000001
2022-02-23,2106.0,2106.0,2106.0,2106.0,,0.0,0.0
2022-02-24,2105.0,2105.0,2105.0,2105.0,,-0.05,0.0025000000000000005
2022-02-25,2115.0,2115.0,2115.0,2115.0,,0.48,0.2304
2022-02-28,2124.0,2124.0,2124.0,2124.0,,0.43,0.18489999999999998
2022-03-01,2124.0,2124.0,2124.0,2124.0,,0.0,0.0
2022-03-02,2134.0,2134.0,2134.0,2134.0,,0.47,0.22089999999999999
2022-03-03,2154.0,2154.0,2154.0,2154.0,,0.94,0.8835999999999999
2022-03-04,2216.0,2216.0,2216.0,2216.0,,2.88,8.2944
2022-03-07,2303.0,2303.0,2303.0,2303.0,,3.93,15.4449
2022-03-08,2303.0,2303.0,2303.0,2303.0,,0.0,0.0
2022-03-09,2303.0,2303.0,2303.0,2303.0,,0.0,0.0
2022-03-10,2352.0,2352.0,2352.0,2352.0,,2.13,4.536899999999999
2022-03-11,2352.0,2352.0,2352.0,2352.0,,0.0,0.0
2022-03-14,2351.0,2351.0,2351.0,2351.0,,-0.04,0.0016
2022-03-15,2276.0,2276.0,2276.0,2276.0,,-3.19,10.1761
2022-03-16,2251.0,2251.0,2251.0,2251.0,,-1.1,1.2100000000000002
2022-03-17,2250.0,2250.0,2250.0,2250.0,,-0.04,0.0016
2022-03-18,2259.0,2259.0,2259.0,2259.0,,0.4,0.16000000000000003
2022-03-21,2258.0,2258.0,2258.0,2258.0,,-0.04,0.0016
2022-03-22,2259.0,2259.0,2259.0,2259.0,,0.04,0.0016
2022-03-23,2220.0,2220.0,2220.0,2220.0,,-1.73,2.9929
2022-03-24,2257.0,2257.0,2257.0,2257.0,,1.67,2.7889
2022-03-25,2307.0,2307.0,2307.0,2307.0,,2.22,4.928400000000001
2022-03-28,2331.0,2331.0,2331.0,2331.0,,1.04,1.0816000000000001
2022-03-29,2306.0,2306.0,2306.0,2306.0,,-1.07,1.1449
2022-03-30,2256.0,2256.0,2256.0,2256.0,,-2.17,4.7089
2022-03-31,2230.0,2230.0,2230.0,2230.0,,-1.15,1.3224999999999998
2022-04-01,2255.0,2255.0,2255.0,2255.0,,1.12,1.2544000000000002
2022-04-04,2217.0,2217.0,2217.0,2217.0,,-1.69,2.8560999999999996
2022-04-05,2204.0,2204.0,2204.0,2204.0,,-0.59,0.34809999999999997
2022-04-06,2204.0,2204.0,2204.0,2204.0,,0.0,0.0
2022-04-07,2216.0,2216.0,2216.0,2216.0,,0.54,0.2916
2022-04-08,2216.0,2216.0,2216.0,2216.0,,0.0,0.0
2022-04-11,2203.0,2203.0,2203.0,2203.0,,-0.59,0.34809999999999997
2022-04-12,2202.0,2202.0,2202.0,2202.0,,-0.05,0.0025000000000000005
2022-04-13,2202.0,2202.0,2202.0,2202.0,,0.0,0.0
2022-04-14,2202.0,2202.0,2202.0,2202.0,,0.0,0.0
2022-04-18,2251.0,2251.0,2251.0,2251.0,,2.23,4.9729
2022-04-19,2301.0,2301.0,2301.0,2301.0,,2.22,4.928400000000001
2022-04-20,2373.0,2373.0,2373.0,2373.0,,3.13,9.796899999999999
