Date,Open,High,Low,Close,Volume,Weekly Change (%),Weekly Change (%) Squared
2000-09-18,296.0,297.0,292.0,295.5,8787,0.0,0.0
2000-09-25,297.5,320.0,297.0,320.0,46542,8.29,68.72409999999999
2000-10-02,325.0,325.0,313.0,318.5,29898,-0.47,0.22089999999999999
2000-10-09,317.5,331.5,316.5,320.0,39789,0.47,0.22089999999999999
2000-10-16,319.5,324.5,308.25,309.0,36577,-3.44,11.833599999999999
2000-10-23,306.5,310.0,301.0,309.75,25681,0.24,0.0576
2000-10-30,310.0,319.0,303.0,318.75,26307,2.91,8.468100000000002
2000-11-06,320.0,320.0,307.0,307.75,23409,-3.45,11.902500000000002
2000-11-13,307.5,311.0,306.0,309.5,25386,0.57,0.32489999999999997
2000-11-20,310.5,318.5,307.75,318.25,22059,2.83,8.0089
2000-11-27,319.0,319.0,305.0,312.0,26608,-1.96,3.8415999999999997
2000-12-04,311.75,313.0,302.0,307.0,3074,-1.6,2.5600000000000005
2000-12-11,307.5,307.5,298.5,298.5,71,-2.77,7.6729
2000-12-18,301.0,328.0,301.0,327.5,16528,9.72,94.47840000000001
2000-12-25,327.0,330.0,321.75,330.0,14175,0.76,0.5776
2001-01-01,329.0,332.0,324.25,331.5,19798,0.45,0.2025
2001-01-08,330.0,340.0,327.25,337.5,36953,1.81,3.2761
2001-01-15,334.0,335.5,330.5,332.5,17045,-1.48,2.1904
2001-01-22,331.5,334.0,325.0,325.0,31543,-2.26,5.107599999999999
2001-01-29,320.0,322.0,313.0,318.5,24635,-2.0,4.0
2001-02-05,318.0,318.25,311.5,312.0,21244,-2.04,4.1616
2001-02-12,311.25,313.75,306.25,310.0,27887,-0.64,0.4096
2001-02-19,311.0,312.5,305.25,307.0,31668,-0.97,0.9409
2001-02-26,307.5,317.5,304.5,316.0,14645,2.93,8.584900000000001
2001-03-05,319.5,321.0,314.75,317.0,742,0.32,0.1024
2001-03-12,320.5,325.5,310.5,310.5,374,-2.05,4.2025
2001-03-19,307.5,307.5,303.5,306.75,7169,-1.21,1.4641
2001-03-26,309.25,314.0,301.0,301.25,13477,-1.79,3.2041
2001-04-02,303.75,312.0,301.5,309.0,14887,2.57,6.604899999999999
2001-04-09,309.5,317.0,302.25,313.25,15410,1.38,1.9043999999999996
2001-04-16,320.0,323.0,314.5,319.75,17622,2.08,4.3264000000000005
2001-04-23,320.0,332.0,313.0,323.75,23551,1.25,1.5625
2001-04-30,326.0,333.5,319.5,321.75,1823,-0.62,0.3844
2001-05-07,322.0,323.0,314.5,323.0,161,0.39,0.1521
2001-05-14,331.5,333.0,323.25,324.0,322,0.31,0.0961
2001-05-21,319.5,323.5,314.0,314.0,30587,-3.09,9.5481
2001-05-28,314.0,330.0,312.0,328.25,21813,4.54,20.6116
2001-06-04,326.0,326.5,311.0,317.5,29703,-3.27,10.6929
2001-06-11,317.5,320.0,308.0,308.25,31687,-2.91,8.468100000000002
2001-06-18,307.0,314.0,301.5,301.75,38821,-2.11,4.4521
2001-06-25,300.0,300.75,289.25,293.0,40914,-2.9,8.41
2001-07-02,290.5,300.5,290.0,298.5,690,1.88,3.5343999999999998
2001-07-09,297.5,312.0,295.75,311.5,106,4.36,19.009600000000002
2001-07-16,308.0,316.0,304.0,306.0,2959,-1.77,3.1329000000000002
2001-07-23,311.25,317.5,309.0,310.25,20849,1.39,1.9320999999999997
2001-07-30,308.5,308.5,297.5,297.5,22572,-4.11,16.892100000000003
2001-08-06,297.5,306.0,296.25,300.75,16750,1.09,1.1881000000000002
2001-08-13,300.5,302.0,291.75,296.75,23131,-1.33,1.7689000000000001
2001-08-20,292.5,303.5,292.0,300.5,25779,1.26,1.5876000000000001
2001-08-27,297.5,301.0,294.5,299.0,26408,-0.5,0.25
2001-09-03,298.0,298.25,289.5,290.0,1305,-3.01,9.060099999999998
2001-09-10,290.75,293.75,285.5,285.5,98,-1.55,2.4025000000000003
2001-09-17,286.0,294.5,281.0,292.5,12513,2.45,6.002500000000001
2001-09-24,293.0,296.0,290.0,292.5,22632,0.0,0.0
2001-10-01,290.5,290.5,280.5,286.0,22540,-2.22,4.928400000000001
2001-10-08,286.5,289.5,282.0,283.75,24068,-0.79,0.6241000000000001
2001-10-15,283.0,297.5,279.5,294.0,26052,3.61,13.0321
2001-10-22,293.75,302.0,288.5,301.5,23421,2.55,6.5024999999999995
2001-10-29,300.5,301.75,293.5,293.75,18790,-2.57,6.604899999999999
2001-11-05,291.5,297.5,288.0,290.75,19649,-1.02,1.0404
2001-11-12,289.25,291.375,281.5,289.5,25601,-0.43,0.18489999999999998
2001-11-19,289.0,292.0,286.0,289.5,20046,0.0,0.0
2001-11-26,289.0,289.0,280.0,286.25,31896,-1.12,1.2544000000000002
2001-12-03,286.0,288.0,279.0,282.0,441,-1.48,2.1904
2001-12-10,279.5,279.5,271.5,278.0,27,-1.42,2.0164
2001-12-17,278.0,289.0,273.5,283.0,11723,1.8,3.24
2001-12-24,283.0,286.0,280.0,285.5,8996,0.88,0.7744
2001-12-31,284.0,292.0,281.0,291.0,23763,1.93,3.7249
2002-01-07,290.5,295.5,287.5,293.0,25317,0.69,0.4760999999999999
2002-01-14,295.0,297.5,290.0,293.75,22666,0.26,0.06760000000000001
2002-01-21,292.5,297.0,288.0,296.0,22684,0.77,0.5929
2002-01-28,293.0,293.25,282.0,286.25,25405,-3.29,10.8241
2002-02-04,286.25,287.0,282.5,286.25,16731,0.0,0.0
2002-02-11,285.5,287.0,280.0,281.5,25465,-1.66,2.7556
2002-02-18,282.0,291.0,281.5,288.25,30862,2.4,5.76
2002-02-25,290.0,290.0,276.5,279.5,20937,-3.04,9.2416
2002-03-04,279.0,285.0,277.0,280.0,589,0.18,0.0324
2002-03-11,279.0,282.0,273.5,282.0,75,0.71,0.5041
2002-03-18,280.0,285.75,276.0,282.0,11359,0.0,0.0
2002-03-25,281.5,300.0,280.5,290.0,29012,2.84,8.0656
2002-04-01,289.0,300.0,289.0,291.5,23555,0.52,0.27040000000000003
2002-04-08,289.5,290.5,277.0,281.5,24076,-3.43,11.7649
2002-04-15,283.0,296.0,282.5,289.0,21155,2.66,7.0756000000000006
2002-04-22,288.0,288.75,273.25,274.0,17651,-5.19,26.936100000000003
2002-04-29,274.25,279.0,271.25,274.5,3120,0.18,0.0324
2002-05-06,273.5,280.0,273.5,277.0,391,0.91,0.8281000000000001
2002-05-13,278.5,282.0,274.0,274.0,29,-1.08,1.1664
2002-05-20,278.0,284.0,276.0,280.75,14755,2.46,6.0516
2002-05-27,279.75,293.75,279.75,293.0,30457,4.36,19.009600000000002
2002-06-03,294.5,306.5,292.5,298.0,29088,1.71,2.9240999999999997
2002-06-10,296.0,316.5,294.5,313.25,38684,5.12,26.2144
2002-06-17,312.5,314.0,305.5,311.25,35421,-0.64,0.4096
2002-06-24,311.0,325.0,310.5,322.5,24117,3.61,13.0321
2002-07-01,325.0,343.0,325.0,343.0,3897,6.36,40.449600000000004
2002-07-08,337.0,350.0,337.0,341.0,548,-0.58,0.3364
2002-07-15,349.0,361.0,349.0,357.0,176,4.69,21.996100000000002
2002-07-22,367.0,372.0,364.0,368.0,26971,3.08,9.4864
2002-07-29,364.0,379.5,355.5,375.5,26471,2.04,4.1616
2002-08-05,369.0,384.0,369.0,381.75,26775,1.66,2.7556
2002-08-12,395.0,400.0,386.0,391.0,23886,2.42,5.8564
2002-08-19,387.5,393.0,374.25,391.0,20364,0.0,0.0
2002-08-26,393.0,425.0,392.5,423.0,13222,8.18,66.91239999999999
2002-09-02,426.0,468.0,423.5,468.0,499,10.64,113.20960000000001
2002-09-09,485.0,491.0,451.0,451.0,49,-3.63,13.1769
2002-09-16,451.0,473.0,448.0,458.5,15785,1.66,2.7556
2002-09-23,459.5,472.0,445.0,471.0,33945,2.73,7.4529
2002-09-30,479.0,485.0,460.0,466.5,40272,-0.96,0.9216
2002-10-07,467.0,473.0,458.0,468.5,29895,0.43,0.18489999999999998
2002-10-14,466.0,487.0,462.5,479.5,32774,2.35,5.522500000000001
2002-10-21,482.0,482.0,459.0,465.75,29222,-2.87,8.2369
2002-10-28,464.5,475.0,450.0,472.75,28188,1.5,2.25
2002-11-04,471.0,474.0,428.0,429.25,38750,-9.2,84.63999999999999
2002-11-11,421.0,442.0,396.0,432.5,32718,0.76,0.5776
2002-11-18,432.0,433.0,413.0,424.25,21806,-1.91,3.6481
2002-11-25,423.0,434.0,422.5,432.75,13415,2.0,4.0
2002-12-02,440.0,441.0,396.0,404.0,2555,-6.64,44.0896
2002-12-09,396.0,401.0,390.5,399.5,288,-1.11,1.2321000000000002
2002-12-16,404.25,408.5,372.0,377.25,11008,-5.57,31.024900000000002
2002-12-23,377.0,384.0,366.25,370.5,12787,-1.79,3.2041
2002-12-30,365.0,368.5,355.0,367.5,10374,-0.81,0.6561000000000001
2003-01-06,367.0,370.75,344.0,345.25,34111,-6.05,36.6025
2003-01-13,342.0,351.0,332.5,350.25,25761,1.45,2.1025
2003-01-20,350.5,353.5,341.0,350.5,17036,0.07,0.004900000000000001
2003-01-27,350.5,359.5,344.0,356.25,20357,1.64,2.6895999999999995
2003-02-03,355.0,365.0,354.0,360.0,22456,1.05,1.1025
2003-02-10,362.5,364.5,353.5,359.0,20321,-0.28,0.07840000000000001
2003-02-17,358.5,360.0,352.0,359.75,19866,0.21,0.04409999999999999
2003-02-24,356.0,356.5,338.5,341.0,19915,-5.21,27.144099999999998
2003-03-03,343.0,360.0,343.0,352.0,3142,3.23,10.4329
2003-03-10,351.0,354.0,347.0,352.0,580,0.0,0.0
2003-03-17,346.5,347.25,319.5,320.0,4662,-9.09,82.6281
2003-03-24,319.0,324.0,312.25,316.0,12377,-1.25,1.5625
2003-03-31,320.25,322.0,315.0,318.25,9803,0.71,0.5041
2003-04-07,321.0,324.5,318.0,320.5,15787,0.71,0.5041
2003-04-14,319.75,323.0,315.75,319.5,9058,-0.31,0.0961
2003-04-21,315.75,327.25,315.0,323.5,20058,1.25,1.5625
2003-04-28,321.0,327.5,319.5,325.25,7841,0.54,0.2916
2003-05-05,328.0,362.0,326.0,361.0,1153,10.99,120.7801
2003-05-12,367.5,375.0,354.0,359.0,194,-0.55,0.30250000000000005
2003-05-19,357.5,357.5,324.5,326.5,21511,-9.05,81.90250000000002
2003-05-26,322.0,334.75,320.0,327.25,22816,0.23,0.0529
2003-06-02,324.5,331.0,312.5,320.25,30473,-2.14,4.5796
2003-06-09,318.5,335.5,316.0,316.5,29199,-1.17,1.3688999999999998
2003-06-16,316.0,318.0,306.0,307.0,27380,-3.0,9.0
2003-06-23,305.5,307.0,299.5,300.25,28639,-2.2,4.840000000000001
2003-06-30,300.0,330.0,299.0,299.0,9805,-0.42,0.17639999999999997
2003-07-07,297.0,304.5,294.5,302.0,2318,1.0,1.0
2003-07-14,303.0,324.0,302.0,323.0,567,6.95,48.3025
2003-07-21,323.0,343.0,318.0,331.0,26190,2.48,6.1504
2003-07-28,332.25,349.0,331.5,346.5,39933,4.68,21.902399999999997
2003-08-04,345.5,356.0,343.75,353.0,28585,1.88,3.5343999999999998
2003-08-11,353.0,382.25,353.0,381.25,31460,8.0,64.0
2003-08-18,388.0,392.5,363.0,366.25,30202,-3.93,15.4449
2003-08-25,365.0,366.0,354.0,365.25,26843,-0.27,0.0729
2003-09-01,361.0,362.5,344.5,344.75,2540,-5.61,31.472100000000005
2003-09-08,345.0,347.5,339.0,342.0,129,-0.8,0.6400000000000001
2003-09-15,342.0,348.0,331.5,332.0,7017,-2.92,8.526399999999999
2003-09-22,346.0,361.5,340.5,356.25,30328,7.3,53.29
2003-09-29,355.0,365.0,351.25,354.5,28880,-0.49,0.24009999999999998
2003-10-06,347.0,349.0,332.0,333.5,36740,-5.92,35.0464
2003-10-13,333.5,341.0,326.0,331.5,27666,-0.6,0.36
2003-10-20,332.0,372.0,331.5,366.75,40075,10.63,112.99690000000001
2003-10-27,375.5,379.0,360.0,366.75,33601,0.0,0.0
2003-11-03,366.5,378.5,358.5,371.5,32157,1.3,1.6900000000000002
2003-11-10,373.5,396.75,371.5,393.25,37735,5.85,34.2225
2003-11-17,390.5,392.5,360.0,384.25,35571,-2.29,5.2441
2003-11-24,383.5,406.0,376.0,405.0,22394,5.4,29.160000000000004
2003-12-01,406.0,420.5,398.5,400.0,2849,-1.23,1.5129
2003-12-08,400.0,407.0,387.0,392.0,285,-2.0,4.0
2003-12-15,392.0,392.0,392.0,392.0,5646,0.0,0.0
2003-12-22,394.5,395.5,366.0,374.25,26639,-4.53,20.5209
2003-12-29,374.5,413.0,368.0,409.0,26747,9.29,86.30409999999999
2004-01-05,406.0,407.0,392.0,392.25,39967,-4.1,16.81
2004-01-12,401.5,414.0,391.0,404.5,37565,3.12,9.7344
2004-01-19,401.0,408.0,387.0,391.25,28583,-3.28,10.758399999999998
2004-01-26,390.5,398.0,384.0,396.5,26384,1.34,1.7956000000000003
2004-02-02,395.0,397.0,377.0,381.25,34678,-3.85,14.822500000000002
2004-02-09,379.0,399.0,378.25,384.0,28675,0.72,0.5184
2004-02-16,385.0,387.0,376.5,382.25,25153,-0.46,0.2116
2004-02-23,386.5,403.0,382.0,384.25,22237,0.52,0.27040000000000003
2004-03-01,384.0,385.0,371.0,372.25,1098,-3.12,9.7344
2004-03-08,368.0,373.0,362.0,367.0,43,-1.41,1.9880999999999998
2004-03-15,369.0,403.0,369.0,394.5,12,7.49,56.100100000000005
2004-03-22,410.0,431.0,402.0,408.0,34394,3.42,11.696399999999999
2004-03-29,405.0,425.0,399.0,424.25,28147,3.98,15.8404
2004-04-05,428.0,430.0,410.5,419.0,18869,-1.24,1.5376
2004-04-12,412.0,418.5,390.5,397.5,28837,-5.13,26.3169
2004-04-19,397.5,408.0,381.75,385.5,18685,-3.02,9.1204
2004-04-26,380.25,396.0,377.0,394.0,15576,2.2,4.840000000000001
2004-05-03,394.0,420.0,394.0,419.0,1956,6.35,40.3225
2004-05-10,417.5,408.5,380.0,380.0,177,-9.31,86.6761
2004-05-17,377.0,392.5,377.0,387.25,15516,1.91,3.6481
2004-05-24,388.0,399.0,381.25,383.0,28679,-1.1,1.2100000000000002
2004-05-31,393.0,410.0,387.5,389.0,28205,1.57,2.4649
2004-06-07,383.25,386.0,375.0,376.0,27963,-3.34,11.1556
2004-06-14,374.5,381.5,373.0,376.0,26773,0.0,0.0
2004-06-21,373.5,380.5,364.5,366.0,29438,-2.66,7.0756000000000006
2004-06-28,363.0,364.5,352.0,359.0,20124,-1.91,3.6481
2004-07-05,357.0,367.5,356.0,360.5,1374,0.42,0.17639999999999997
2004-07-12,363.5,378.0,363.5,365.0,420,1.25,1.5625
2004-07-19,364.0,366.25,355.0,358.0,15721,-1.92,3.6864
2004-07-26,353.0,355.5,333.0,333.75,36990,-6.77,45.832899999999995
2004-08-02,333.5,346.5,333.0,339.75,29070,1.8,3.24
2004-08-09,338.0,341.0,316.0,316.25,33230,-6.92,47.8864
2004-08-16,314.0,327.0,312.0,326.5,17155,3.24,10.497600000000002
2004-08-23,324.0,337.0,322.5,324.5,25263,-0.61,0.3721
2004-08-30,326.0,339.5,323.0,327.5,10915,0.92,0.8464
2004-09-06,321.0,340.0,320.0,340.0,189,3.82,14.5924
2004-09-13,348.5,367.0,348.0,359.75,29514,5.81,33.756099999999996
2004-09-20,356.0,364.25,350.5,351.75,32575,-2.22,4.928400000000001
2004-09-27,351.5,354.0,332.0,334.5,30943,-4.9,24.010000000000005
2004-10-04,332.5,338.0,328.25,332.75,26246,-0.52,0.27040000000000003
2004-10-11,332.0,348.75,328.5,348.5,21246,4.73,22.372900000000005
2004-10-18,347.5,349.5,334.0,336.0,19563,-3.59,12.8881
2004-10-25,336.0,354.0,336.0,347.0,38071,3.27,10.6929
2004-11-01,344.0,356.0,337.0,350.25,40928,0.94,0.8835999999999999
2004-11-08,350.0,362.5,344.0,348.75,45596,-0.43,0.18489999999999998
2004-11-15,350.0,360.0,348.0,353.5,32119,1.36,1.8496000000000004
2004-11-22,353.5,354.0,339.25,339.75,23502,-3.89,15.132100000000001
2004-11-29,339.0,346.0,335.25,342.5,10840,0.81,0.6561000000000001
2004-12-06,346.0,360.5,344.0,352.0,976,2.77,7.6729
2004-12-13,354.0,354.0,333.75,334.75,168,-4.9,24.010000000000005
2004-12-20,339.75,344.75,335.5,338.5,119,1.12,1.2544000000000002
2004-12-27,342.0,343.5,333.25,338.0,113,-0.15,0.0225
2005-01-03,329.5,344.0,328.5,344.0,117,1.78,3.1684
2005-01-10,338.5,343.0,334.0,334.75,259,-2.69,7.2360999999999995
2005-01-17,335.25,339.0,334.75,335.25,92,0.15,0.0225
2005-01-24,333.0,335.0,323.0,324.5,65,-3.21,10.3041
2005-01-31,325.75,326.75,323.5,322.25,136,-0.69,0.4760999999999999
2005-02-07,322.25,332.5,322.25,329.5,266,2.25,5.0625
2005-02-14,334.75,336.5,325.25,330.5,239,0.3,0.09
2005-02-21,345.5,351.0,345.0,362.25,97,9.61,92.3521
2005-02-28,359.0,367.5,354.0,357.0,85,-1.45,2.1025
2005-03-07,350.0,377.0,350.0,377.0,100,5.6,31.359999999999996
2005-03-14,369.0,373.0,362.0,360.25,141,-4.44,19.713600000000003
2005-03-21,360.0,360.0,344.0,348.5,114,-3.26,10.6276
2005-03-28,348.0,348.0,337.0,331.5,134,-4.88,23.8144
2005-04-04,331.0,331.0,322.75,319.5,104,-3.62,13.1044
2005-04-11,320.5,322.5,315.25,315.25,166,-1.33,1.7689000000000001
2005-04-18,314.0,327.5,312.75,328.0,37,4.04,16.3216
2005-04-25,330.0,343.0,330.0,341.0,14,3.96,15.6816
2005-05-02,337.0,337.0,325.75,328.5,15,-3.67,13.4689
2005-05-09,331.5,346.0,330.0,330.0,133,0.46,0.2116
2005-05-16,309.5,322.25,309.5,321.25,217,-2.65,7.0225
2005-05-23,323.0,343.0,323.0,338.25,399,5.29,27.9841
2005-05-30,340.0,345.5,325.0,327.0,439,-3.33,11.0889
2005-06-06,326.0,330.0,315.5,317.0,621,-3.06,9.3636
2005-06-13,318.25,332.0,315.25,331.75,374,4.65,21.622500000000002
2005-06-20,326.25,342.75,326.25,339.0,416,2.19,4.7961
2005-06-27,338.0,340.0,328.0,329.5,165,-2.8,7.839999999999999
2005-07-04,329.0,337.5,329.0,333.0,36,1.06,1.1236000000000002
2005-07-11,332.0,350.0,329.0,350.75,709,5.33,28.4089
2005-07-18,350.25,353.0,334.75,336.5,564,-4.06,16.483599999999996
2005-07-25,336.5,342.25,332.5,339.25,281,0.82,0.6723999999999999
2005-08-01,339.5,344.0,335.5,335.0,326,-1.25,1.5625
2005-08-08,335.0,342.0,333.75,341.25,247,1.87,3.4969000000000006
2005-08-15,339.5,345.0,337.0,350.5,434,2.71,7.3441
2005-08-22,349.5,350.5,344.0,351.5,120,0.29,0.0841
2005-08-29,349.25,355.0,340.5,340.5,105,-3.13,9.796899999999999
2005-09-05,339.0,342.5,336.0,342.5,84,0.59,0.34809999999999997
2005-09-12,348.5,365.0,348.5,367.25,141,7.23,52.27290000000001
2005-09-19,365.5,370.0,356.5,373.5,204,1.7,2.8899999999999997
2005-09-26,372.0,380.25,366.5,380.25,218,1.81,3.2761
2005-10-03,379.25,381.0,377.0,376.75,313,-0.92,0.8464
2005-10-10,376.5,388.25,376.5,381.0,337,1.13,1.2768999999999997
2005-10-17,381.0,381.0,368.0,370.0,501,-2.89,8.3521
2005-10-24,369.25,379.0,365.5,376.0,205,1.62,2.6244000000000005
2005-10-31,376.0,376.0,359.75,366.75,209,-2.46,6.0516
2005-11-07,366.75,370.75,360.0,371.0,115,1.16,1.3456
2005-11-14,371.0,374.75,353.0,358.25,184,-3.44,11.833599999999999
2005-11-21,358.25,361.25,345.0,347.75,183,-2.93,8.584900000000001
2005-11-28,345.0,370.75,345.0,366.0,194,5.25,27.5625
2005-12-05,367.0,367.0,352.0,352.0,105,-3.83,14.6689
2005-12-12,351.0,367.0,351.0,367.5,257,4.4,19.360000000000003
2005-12-19,366.75,377.0,366.75,380.5,369,3.54,12.531600000000001
2005-12-26,379.0,389.25,379.0,387.0,542,1.71,2.9240999999999997
2006-01-02,387.0,391.75,385.0,378.75,324,-2.13,4.536899999999999
2006-01-09,377.0,383.75,370.5,383.25,307,1.19,1.4161
2006-01-16,382.25,386.5,372.25,384.0,216,0.2,0.04000000000000001
2006-01-23,383.5,396.5,379.0,393.75,539,2.54,6.4516
2006-01-30,396.0,405.0,392.5,411.5,425,4.51,20.3401
2006-02-06,411.5,434.25,409.5,430.0,720,4.5,20.25
2006-02-13,430.0,434.0,412.0,435.25,330,1.22,1.4884
2006-02-20,434.5,440.5,428.5,434.0,226,-0.29,0.0841
2006-02-27,433.75,443.0,432.0,443.0,135,2.07,4.2848999999999995
2006-03-06,435.75,447.0,433.0,447.0,14,0.9,0.81
2006-03-13,428.0,428.0,412.75,421.5,683,-5.7,32.49
2006-03-20,414.75,421.0,407.0,401.5,601,-4.74,22.4676
2006-03-27,401.5,411.75,397.75,418.5,175,4.23,17.892900000000004
2006-04-03,416.25,431.0,413.0,430.0,517,2.75,7.5625
2006-04-10,431.5,463.25,431.5,456.5,762,6.16,37.9456
2006-04-17,454.0,455.25,437.0,437.5,636,-4.16,17.305600000000002
2006-04-24,437.5,443.0,419.75,429.75,187,-1.77,3.1329000000000002
2006-05-01,429.0,449.0,428.0,449.0,115,4.48,20.070400000000003
2006-05-08,457.75,475.0,455.0,475.0,491,5.79,33.5241
2006-05-15,481.25,507.5,477.0,504.25,2701,6.16,37.9456
2006-05-22,506.25,520.5,497.0,506.0,2005,0.35,0.12249999999999998
2006-05-29,510.0,518.0,484.5,494.25,1181,-2.32,5.3824
2006-06-05,493.0,495.5,479.0,479.0,999,-3.09,9.5481
2006-06-12,481.5,485.5,461.0,462.5,744,-3.44,11.833599999999999
2006-06-19,461.75,484.75,460.25,480.0,551,3.78,14.2884
2006-06-26,478.25,500.0,477.25,499.75,221,4.11,16.892100000000003
2006-07-03,499.75,506.0,499.0,499.0,4,-0.15,0.0225
2006-07-10,501.0,517.0,485.0,487.0,231,-2.4,5.76
2006-07-17,495.0,504.75,486.0,506.0,820,3.9,15.209999999999999
2006-07-24,505.5,505.75,479.0,484.0,590,-4.35,18.922499999999996
2006-07-31,485.0,492.25,477.5,486.0,5261,0.41,0.16809999999999997
2006-08-07,484.75,491.0,454.0,454.25,3567,-6.53,42.6409
2006-08-14,454.5,456.25,440.25,454.25,1582,0.0,0.0
2006-08-21,453.0,470.75,445.25,459.25,1451,1.1,1.2100000000000002
2006-08-28,459.25,473.0,456.0,470.0,1041,2.34,5.475599999999999
2006-09-04,468.0,469.25,466.0,466.0,6,-0.85,0.7224999999999999
2006-09-11,465.5,466.0,448.0,462.5,3103,-0.75,0.5625
2006-09-18,462.25,486.25,462.0,481.5,11641,4.11,16.892100000000003
2006-09-25,480.25,501.75,469.75,496.0,8444,3.01,9.060099999999998
2006-10-02,496.25,518.0,485.0,501.75,7426,1.16,1.3456
2006-10-09,503.0,551.0,499.5,543.0,13110,8.22,67.56840000000001
2006-10-16,541.75,555.0,516.5,531.0,7602,-2.21,4.8841
2006-10-23,530.0,555.0,519.0,530.75,6801,-0.05,0.0025000000000000005
2006-10-30,529.0,537.5,512.25,522.5,6132,-1.55,2.4025000000000003
2006-11-06,524.0,540.0,506.25,508.75,9265,-2.63,6.916899999999999
2006-11-13,505.75,528.0,504.0,515.25,9269,1.28,1.6384
2006-11-20,516.0,527.75,510.25,521.0,2095,1.12,1.2544000000000002
2006-11-27,521.5,536.0,512.5,529.5,927,1.63,2.6569
2006-12-04,520.5,520.5,500.0,495.0,124,-6.52,42.5104
2006-12-11,501.0,511.0,495.75,509.75,3102,2.98,8.8804
2006-12-18,509.75,518.75,499.0,518.0,6888,1.62,2.6244000000000005
2006-12-25,517.0,524.0,503.0,509.75,3440,-1.59,2.5281000000000002
2007-01-01,506.5,506.5,474.5,481.25,10789,-5.59,31.248099999999997
2007-01-08,481.25,511.25,467.5,505.25,12018,4.99,24.900100000000002
2007-01-15,506.0,509.0,486.75,489.25,6707,-3.17,10.0489
2007-01-22,488.75,501.0,483.5,488.0,6777,-0.26,0.06760000000000001
2007-01-29,488.5,494.0,474.25,487.0,7559,-0.2,0.04000000000000001
2007-02-05,487.5,494.75,474.75,485.0,8781,-0.41,0.16809999999999997
2007-02-12,484.75,499.0,475.5,495.5,10755,2.16,4.6656
2007-02-19,495.0,512.25,486.5,506.5,5437,2.22,4.928400000000001
2007-02-26,505.25,515.0,483.5,505.0,1530,-0.3,0.09
2007-03-05,510.25,510.5,504.0,506.5,23,0.3,0.09
2007-03-12,502.0,503.0,477.0,486.5,7114,-3.95,15.602500000000001
2007-03-19,487.25,489.25,476.0,484.75,7868,-0.36,0.1296
2007-03-26,483.75,485.5,442.25,456.5,16359,-5.83,33.9889
2007-04-02,446.0,472.0,433.5,469.25,9216,2.79,7.7841000000000005
2007-04-09,479.25,502.5,463.5,495.75,10057,5.65,31.922500000000003
2007-04-16,496.0,521.0,489.5,514.0,9201,3.68,13.5424
2007-04-23,512.0,522.75,491.0,499.0,2620,-2.92,8.526399999999999
2007-04-30,490.75,492.0,470.25,476.0,358,-4.61,21.252100000000002
2007-05-07,478.0,478.0,468.5,477.0,37,0.21,0.04409999999999999
2007-05-14,476.0,492.75,466.25,466.5,10012,-2.2,4.840000000000001
2007-05-21,466.5,490.0,461.75,489.25,11796,4.88,23.8144
2007-05-28,487.75,519.25,479.75,507.5,13006,3.73,13.9129
2007-06-04,510.0,521.0,500.5,518.5,20904,2.17,4.7089
2007-06-11,524.0,618.0,523.25,596.25,25200,15.0,225.0
2007-06-18,600.0,602.0,567.25,570.75,15203,-4.28,18.3184
2007-06-25,572.0,627.75,568.0,596.5,6893,4.51,20.3401
2007-07-02,604.25,611.75,573.0,611.0,926,2.43,5.9049000000000005
2007-07-09,603.0,630.0,596.25,608.5,4106,-0.41,0.16809999999999997
2007-07-16,603.25,620.0,585.25,603.5,33129,-0.82,0.6723999999999999
2007-07-23,603.5,656.0,603.0,644.0,28172,6.71,45.0241
2007-07-30,644.0,645.0,617.0,639.75,17961,-0.66,0.43560000000000004
2007-08-06,637.0,674.0,634.0,654.5,29650,2.31,5.3361
2007-08-13,657.0,676.5,635.0,650.5,20444,-0.61,0.3721
2007-08-20,646.0,682.5,641.5,682.75,13093,4.96,24.6016
2007-08-27,682.0,730.0,673.0,721.0,8952,5.6,31.359999999999996
2007-09-03,735.0,806.0,735.0,810.0,78,12.34,152.2756
2007-09-10,831.0,874.0,807.0,807.0,4519,-0.37,0.1369
2007-09-17,834.75,876.75,818.75,858.0,22694,6.32,39.942400000000006
2007-09-24,856.75,949.5,856.75,929.25,30807,8.3,68.89000000000001
2007-10-01,939.0,956.5,894.5,894.5,29181,-3.74,13.987600000000002
2007-10-08,894.5,894.5,841.25,867.75,25325,-2.99,8.940100000000001
2007-10-15,867.0,871.5,825.5,869.0,18907,0.14,0.019600000000000003
2007-10-22,868.25,892.5,815.25,827.5,18081,-4.78,22.8484
2007-10-29,823.0,857.5,801.0,806.25,20355,-2.57,6.604899999999999
2007-11-05,807.0,832.75,770.25,784.75,30324,-2.67,7.1289
2007-11-12,785.0,789.5,755.5,774.5,16818,-1.31,1.7161000000000002
2007-11-19,773.0,860.0,773.0,854.0,15139,10.26,105.2676
2007-11-26,854.0,925.0,835.0,907.0,8748,6.21,38.564099999999996
2007-12-03,904.0,947.0,891.25,949.0,264,4.63,21.436899999999998
2007-12-10,957.0,1000.0,947.25,1000.0,4347,5.37,28.8369
2007-12-17,998.0,1029.25,960.0,968.75,13345,-3.12,9.7344
2007-12-24,965.0,973.5,914.0,914.0,11080,-5.65,31.922500000000003
2007-12-31,914.0,974.75,900.0,945.75,13137,3.47,12.0409
2008-01-07,944.75,949.0,880.75,924.0,18949,-2.3,5.289999999999999
2008-01-14,934.0,1010.5,925.75,1011.25,0,9.44,89.11359999999999
2008-01-21,997.5,1032.5,944.75,970.0,0,-4.08,16.6464
2008-01-28,974.5,1030.0,951.75,990.25,0,2.09,4.368099999999999
2008-02-04,998.0,1140.25,998.0,1140.25,0,15.15,229.5225
2008-02-11,1200.25,1200.25,1025.25,1082.0,0,-5.11,26.1121
2008-02-18,1086.5,1110.5,1061.75,1107.25,0,2.33,5.4289000000000005
2008-02-25,1110.25,1384.75,1110.0,1170.0,0,5.67,32.1489
2008-03-03,1172.75,1229.0,1115.5,1145.0,0,-2.14,4.5796
2008-03-10,1170.0,1315.0,1170.0,1217.0,0,6.29,39.5641
2008-03-17,1251.0,1288.25,1017.5,1032.0,0,-15.2,231.04
2008-03-24,1015.0,1167.75,1006.25,1022.25,0,-0.94,0.8835999999999999
2008-03-31,1027.5,1045.75,948.5,1028.5,0,0.61,0.3721
2008-04-07,1028.25,1032.0,950.25,953.75,0,-7.27,52.85289999999999
2008-04-14,953.0,997.5,923.25,939.75,0,-1.47,2.1609
2008-04-21,940.75,940.75,850.5,855.0,0,-9.02,81.3604
2008-04-28,855.0,888.75,842.0,898.0,0,5.03,25.300900000000002
2008-05-05,898.75,919.0,858.5,881.0,0,-1.89,3.5721
2008-05-12,885.0,885.0,798.5,824.25,0,-6.44,41.473600000000005
2008-05-19,826.25,853.75,793.25,797.75,0,-3.22,10.368400000000001
2008-05-26,801.0,812.0,782.5,802.0,0,0.53,0.28090000000000004
2008-06-02,800.0,857.5,784.5,846.75,0,5.58,31.136400000000002
2008-06-09,859.0,932.0,827.0,924.25,0,9.15,83.72250000000001
2008-06-16,922.0,955.0,911.75,915.0,0,-1.0,1.0
2008-06-23,905.25,988.25,891.0,925.0,0,1.09,1.1881000000000002
2008-06-30,924.25,931.0,869.0,905.0,0,-2.16,4.6656
2008-07-07,886.5,886.5,830.0,853.0,0,-5.75,33.0625
2008-07-14,845.0,868.75,830.5,837.75,0,-1.79,3.2041
2008-07-21,835.0,846.5,808.25,832.25,0,-0.66,0.43560000000000004
2008-07-28,835.5,855.0,809.25,822.25,0,-1.2,1.44
2008-08-04,819.5,852.5,785.0,803.75,0,-2.25,5.0625
2008-08-11,802.25,921.75,799.0,863.25,0,7.4,54.760000000000005
2008-08-18,871.0,959.0,868.25,900.0,0,4.26,18.147599999999997
2008-08-25,899.75,916.5,815.0,818.75,0,-9.03,81.5409
2008-09-01,805.0,805.0,768.5,773.0,0,-5.59,31.248099999999997
2008-09-08,785.0,785.0,740.75,741.5,0,-4.08,16.6464
2008-09-15,767.25,778.0,730.0,756.5,0,2.02,4.0804
2008-09-22,756.25,792.75,745.0,745.75,0,-1.42,2.0164
2008-09-29,742.25,745.0,666.5,670.5,0,-10.09,101.8081
2008-10-06,666.0,671.0,596.5,605.0,0,-9.77,95.45289999999999
2008-10-13,610.75,650.0,576.75,597.5,0,-1.24,1.5376
2008-10-20,595.0,608.0,531.25,547.0,0,-8.45,71.40249999999999
2008-10-27,551.0,613.25,535.0,573.0,0,4.75,22.5625
2008-11-03,575.75,624.0,557.75,568.0,0,-0.87,0.7569
2008-11-10,568.25,607.0,549.5,593.25,0,4.45,19.802500000000002
2008-11-17,589.0,603.0,533.25,533.5,0,-10.07,101.40490000000001
2008-11-24,536.5,593.5,536.5,563.0,0,5.53,30.580900000000003
2008-12-01,558.25,560.25,489.75,489.75,0,-13.01,169.2601
2008-12-08,499.75,550.0,499.75,530.25,0,8.27,68.3929
2008-12-15,538.25,595.0,538.25,583.0,0,9.95,99.00249999999998
2008-12-22,583.0,619.25,574.5,616.25,0,5.7,32.49
2008-12-29,615.0,635.5,605.25,633.5,0,2.8,7.839999999999999
2009-01-05,633.0,669.25,619.0,651.0,0,2.76,7.617599999999999
2009-01-12,650.0,657.0,589.5,609.0,0,-6.45,41.6025
2009-01-19,608.0,624.75,579.5,610.5,0,0.25,0.0625
2009-01-26,610.5,636.0,598.75,601.0,0,-1.56,2.4336
2009-02-02,598.0,603.0,570.0,586.5,0,-2.41,5.8081000000000005
2009-02-09,590.0,604.5,572.0,574.5,0,-2.05,4.2025
2009-02-16,572.75,574.75,543.0,556.25,0,-3.18,10.112400000000001
2009-02-23,556.25,572.0,544.5,552.0,0,-0.76,0.5776
2009-03-02,545.0,573.75,537.0,568.0,0,2.9,8.41
2009-03-09,567.75,585.25,559.5,570.0,0,0.35,0.12249999999999998
2009-03-16,568.0,609.5,563.75,603.0,0,5.79,33.5241
2009-03-23,603.0,613.0,546.75,550.0,0,-8.79,77.26409999999998
2009-03-30,553.0,610.5,546.5,607.5,0,10.45,109.20249999999999
2009-04-06,606.0,617.75,570.25,570.5,0,-6.09,37.0881
2009-04-13,571.5,578.25,556.0,569.0,0,-0.26,0.06760000000000001
2009-04-20,569.25,586.75,552.0,586.25,0,3.03,9.1809
2009-04-27,585.25,611.0,563.75,607.25,0,3.58,12.8164
2009-05-04,595.0,627.0,589.5,627.0,0,3.25,10.5625
2009-05-11,629.5,645.0,628.75,630.5,0,0.56,0.31360000000000005
2009-05-18,630.75,667.5,620.0,660.5,0,4.76,22.6576
2009-05-25,658.5,695.75,653.0,687.0,0,4.01,16.080099999999998
2009-06-01,687.25,727.25,668.25,675.0,0,-1.75,3.0625
2009-06-08,675.0,677.0,628.5,637.0,0,-5.63,31.6969
2009-06-15,638.75,640.0,613.25,614.75,0,-3.49,12.180100000000001
2009-06-22,614.25,614.25,586.75,589.5,0,-4.11,16.892100000000003
2009-06-29,589.25,594.0,552.25,554.75,0,-5.89,34.692099999999996
2009-07-06,554.25,554.25,537.0,540.0,0,-2.66,7.0756000000000006
2009-07-13,539.0,575.75,539.0,566.5,0,4.91,24.1081
2009-07-20,566.25,578.0,547.25,549.0,0,-3.09,9.5481
2009-07-27,548.75,562.0,542.0,559.25,0,1.87,3.4969000000000006
2009-08-03,560.0,586.75,522.75,525.25,0,-6.08,36.9664
2009-08-10,525.0,533.0,501.0,508.5,0,-3.19,10.1761
2009-08-17,508.0,508.0,487.5,493.75,0,-2.9,8.41
2009-08-24,493.75,522.75,492.5,500.0,0,1.27,1.6129
2009-08-31,500.5,507.75,478.25,477.0,0,-4.6,21.159999999999997
2009-09-07,476.25,477.0,453.5,466.75,0,-2.15,4.6225
2009-09-14,460.5,494.25,460.5,472.0,0,1.12,1.2544000000000002
2009-09-21,471.75,488.75,464.0,469.25,0,-0.58,0.3364
2009-09-28,482.0,482.0,458.5,459.5,0,-2.08,4.3264000000000005
2009-10-05,459.0,499.5,458.5,485.0,0,5.55,30.8025
2009-10-12,487.25,543.0,487.0,510.5,0,5.26,27.667599999999997
2009-10-19,509.75,577.0,508.25,549.5,0,7.64,58.3696
2009-10-26,549.0,563.0,495.5,499.0,0,-9.19,84.45609999999999
2009-11-02,498.5,531.75,494.25,501.0,0,0.4,0.16000000000000003
2009-11-09,501.0,545.5,500.25,540.5,0,7.88,62.0944
2009-11-16,544.5,579.75,538.0,556.75,0,3.01,9.060099999999998
2009-11-23,556.5,576.5,528.0,542.75,0,-2.51,6.300099999999999
2009-11-30,545.0,571.0,535.5,536.0,0,-1.24,1.5376
2009-12-07,537.75,538.0,514.25,517.25,0,-3.5,12.25
2009-12-14,526.0,536.75,509.25,524.25,0,1.35,1.8225000000000002
2009-12-21,523.25,525.25,510.25,521.5,0,-0.52,0.27040000000000003
2009-12-28,521.75,550.25,519.25,536.25,0,2.83,8.0089
2010-01-04,539.5,562.0,538.75,560.0,0,4.43,19.624899999999997
2010-01-11,560.0,566.25,511.75,512.0,0,-8.57,73.4449
2010-01-18,511.75,517.5,492.75,502.0,0,-1.95,3.8024999999999998
2010-01-25,502.75,507.0,485.0,487.0,0,-2.99,8.940100000000001
2010-02-01,487.5,504.0,480.25,484.5,0,-0.51,0.2601
2010-02-08,489.75,513.5,488.0,494.5,0,2.06,4.2436
2010-02-15,497.25,516.75,486.5,498.25,0,0.76,0.5776
2010-02-22,497.25,513.75,493.75,511.0,0,2.56,6.5536
2010-03-01,515.0,515.0,495.0,493.0,0,-3.52,12.3904
2010-03-08,494.75,496.0,481.0,487.75,0,-1.06,1.1236000000000002
2010-03-15,494.75,504.5,487.25,492.0,0,0.87,0.7569
2010-03-22,492.25,500.0,475.0,475.5,0,-3.35,11.2225
2010-03-29,475.75,481.5,461.5,470.0,0,-1.16,1.3456
2010-04-05,470.25,495.0,465.0,483.5,0,2.87,8.2369
2010-04-12,486.25,505.75,480.75,506.5,0,4.76,22.6576
2010-04-19,503.0,511.25,482.5,505.75,0,-0.15,0.0225
2010-04-26,504.5,514.75,484.5,505.5,0,-0.05,0.0025000000000000005
2010-05-03,507.0,515.0,496.0,512.5,0,1.38,1.9043999999999996
2010-05-10,514.5,514.5,484.5,484.5,0,-5.46,29.8116
2010-05-17,490.75,497.0,484.0,495.0,0,2.17,4.7089
2010-05-24,495.0,501.0,480.5,481.5,0,-2.73,7.4529
2010-05-31,481.5,488.75,465.25,465.0,0,-3.43,11.7649
2010-06-07,465.0,473.25,455.25,467.0,0,0.43,0.18489999999999998
2010-06-14,468.0,508.0,467.75,497.25,0,6.48,41.99040000000001
2010-06-21,498.25,505.0,483.0,483.75,0,-2.71,7.3441
2010-06-28,483.0,510.25,468.5,507.25,0,4.86,23.619600000000002
2010-07-05,506.25,559.5,506.25,548.25,0,8.08,65.2864
2010-07-12,550.0,608.0,547.0,599.0,0,9.26,85.74759999999999
2010-07-19,595.25,622.25,587.75,615.0,0,2.67,7.1289
2010-07-26,614.75,680.0,607.0,674.5,0,9.67,93.5089
2010-08-02,672.75,822.75,671.25,720.0,0,6.75,45.5625
2010-08-09,701.5,750.0,690.75,723.5,0,0.49,0.24009999999999998
2010-08-16,722.0,726.75,672.5,705.5,0,-2.49,6.200100000000001
2010-08-23,705.0,721.0,676.25,700.25,0,-0.74,0.5476
2010-08-30,709.75,737.5,689.0,743.5,0,6.18,38.1924
2010-09-06,745.75,753.0,722.5,747.25,0,0.5,0.25
2010-09-13,759.0,774.5,744.5,768.25,0,2.81,7.896100000000001
2010-09-20,770.0,782.75,732.0,757.5,0,-1.4,1.9599999999999997
2010-09-27,757.25,766.0,684.0,689.25,0,-9.01,81.1801
2010-10-04,682.25,759.5,680.25,758.5,0,10.05,101.00250000000001
2010-10-11,769.0,776.0,734.25,745.0,0,-1.78,3.1684
2010-10-18,742.75,748.5,713.0,719.0,0,-3.49,12.180100000000001
2010-10-25,719.25,777.5,717.25,771.0,0,7.23,52.27290000000001
2010-11-01,775.0,786.75,737.25,786.0,0,1.95,3.8024999999999998
2010-11-08,787.0,821.0,720.25,730.0,0,-7.12,50.6944
2010-11-15,733.75,745.25,684.75,709.5,0,-2.81,7.896100000000001
2010-11-22,709.5,725.75,701.0,720.75,0,1.59,2.5281000000000002
2010-11-29,723.0,812.5,721.75,811.75,0,12.63,159.51690000000002
2010-12-06,822.75,837.5,809.5,822.25,0,1.29,1.6641000000000001
2010-12-13,827.0,827.5,798.5,811.75,0,-1.28,1.6384
2010-12-20,812.75,852.5,812.75,845.0,0,4.1,16.81
2010-12-27,839.0,863.5,830.5,851.0,0,0.71,0.5041
2011-01-03,853.5,881.5,839.25,846.25,0,-0.56,0.31360000000000005
2011-01-10,847.75,869.5,836.0,860.0,0,1.62,2.6244000000000005
2011-01-17,861.75,908.25,858.5,900.0,0,4.65,21.622500000000002
2011-01-24,904.0,946.5,897.0,912.0,0,1.33,1.7689000000000001
2011-01-31,912.0,961.5,911.0,942.75,0,3.37,11.356900000000001
2011-02-07,947.25,990.25,943.0,973.0,0,3.21,10.3041
2011-02-14,977.0,990.5,920.0,929.75,0,-4.45,19.802500000000002
2011-02-21,953.75,954.0,839.5,887.5,0,-4.54,20.6116
2011-02-28,892.75,916.0,879.5,918.0,0,3.44,11.833599999999999
2011-03-07,913.0,913.0,820.5,820.5,0,-10.62,112.78439999999998
2011-03-14,815.5,869.0,765.0,845.0,0,2.99,8.940100000000001
2011-03-21,846.0,870.25,824.25,855.0,0,1.18,1.3923999999999999
2011-03-28,859.75,923.75,845.0,906.5,0,6.02,36.240399999999994
2011-04-04,910.25,957.75,908.5,932.75,0,2.9,8.41
2011-04-11,939.25,944.5,854.25,865.5,0,-7.21,51.9841
2011-04-18,863.5,950.0,863.25,932.5,0,7.74,59.9076
2011-04-25,938.0,966.0,865.0,893.0,0,-4.24,17.977600000000002
2011-05-02,913.0,914.25,850.75,868.0,0,-2.8,7.839999999999999
2011-05-09,888.5,948.5,858.75,858.75,0,-1.07,1.1449
2011-05-16,871.75,958.0,868.0,933.25,0,8.68,75.3424
2011-05-23,943.75,962.25,912.0,943.0,0,1.04,1.0816000000000001
2011-05-30,924.0,930.5,888.75,914.25,0,-3.05,9.302499999999998
2011-06-06,914.25,920.5,854.0,868.0,0,-5.06,25.603599999999997
2011-06-13,868.5,872.25,790.75,804.5,0,-7.32,53.58240000000001
2011-06-20,805.75,814.0,740.0,748.5,0,-6.96,48.4416
2011-06-27,748.75,760.0,677.0,703.0,0,-6.08,36.9664
2011-07-04,708.5,725.5,686.5,707.75,0,0.68,0.4624000000000001
2011-07-11,708.0,781.5,684.5,764.5,0,8.02,64.32039999999999
2011-07-18,765.0,796.75,748.5,780.0,0,2.03,4.120899999999999
2011-07-25,774.5,799.5,759.5,767.0,0,-1.67,2.7889
2011-08-01,767.0,810.75,759.75,780.25,0,1.73,2.9929
2011-08-08,765.0,823.0,745.5,796.0,0,2.02,4.0804
2011-08-15,797.5,830.25,791.25,819.0,0,2.89,8.3521
2011-08-22,819.0,867.75,816.25,866.0,0,5.74,32.9476
2011-08-29,862.25,874.5,843.5,858.0,0,-0.92,0.8464
2011-09-05,850.25,852.0,814.5,810.25,0,-5.57,31.024900000000002
2011-09-12,791.5,800.5,765.5,784.0,0,-3.24,10.497600000000002
2011-09-19,783.25,784.5,720.5,731.25,0,-6.73,45.2929
2011-09-26,740.0,760.75,698.0,704.0,0,-3.73,13.9129
2011-10-03,704.25,715.75,677.25,684.5,0,-2.77,7.6729
2011-10-10,684.25,730.5,683.5,707.5,0,3.36,11.289599999999998
2011-10-17,708.75,746.75,699.25,723.0,0,2.19,4.7961
2011-10-24,723.0,743.0,715.25,738.0,0,2.07,4.2848999999999995
2011-10-31,737.75,739.5,711.0,718.0,0,-2.71,7.3441
2011-11-07,718.0,740.25,688.25,704.0,0,-1.95,3.8024999999999998
2011-11-14,703.25,708.75,661.25,668.5,0,-5.04,25.401600000000002
2011-11-21,668.0,671.0,639.5,643.5,0,-3.74,13.987600000000002
2011-11-28,648.5,683.0,640.0,676.0,0,5.05,25.502499999999998
2011-12-05,678.25,678.25,650.5,653.75,0,-3.29,10.8241
2011-12-12,644.75,652.0,625.75,639.5,0,-2.18,4.752400000000001
2011-12-19,640.0,681.0,637.25,675.0,0,5.55,30.8025
2011-12-26,679.5,717.0,679.25,717.0,0,6.22,38.688399999999994
2012-01-02,725.5,732.25,679.5,680.0,0,-5.16,26.625600000000002
2012-01-09,681.0,708.75,658.75,670.0,0,-1.47,2.1609
2012-01-16,670.5,678.75,650.25,667.0,0,-0.45,0.2025
2012-01-23,668.5,710.25,667.75,700.0,0,4.95,24.5025
2012-01-30,699.0,735.75,690.25,712.75,0,1.82,3.3124000000000002
2012-02-06,712.0,722.5,671.5,673.0,0,-5.58,31.136400000000002
2012-02-13,677.5,692.25,665.5,689.5,0,2.45,6.002500000000001
2012-02-20,691.0,692.25,670.25,681.0,0,-1.23,1.5129
2012-02-27,682.0,711.0,673.0,710.5,0,4.33,18.7489
2012-03-05,707.0,712.75,673.25,679.5,0,-4.36,19.009600000000002
2012-03-12,691.5,709.75,678.5,705.5,7085,3.83,14.6689
2012-03-19,702.75,710.0,667.25,694.5,34673,-1.56,2.4336
2012-03-26,693.25,708.0,651.25,697.5,47096,0.43,0.18489999999999998
2012-04-02,698.5,700.75,662.0,662.0,31104,-5.09,25.908099999999997
2012-04-09,662.0,668.5,637.5,643.0,45034,-2.87,8.2369
2012-04-16,642.75,644.0,624.0,626.0,27074,-2.64,6.969600000000001
2012-04-23,628.5,655.0,626.0,646.5,8018,3.27,10.6929
2012-04-30,648.0,650.0,613.75,613.75,607,-5.07,25.704900000000002
2012-05-07,619.25,625.0,601.0,601.0,0,-2.08,4.3264000000000005
2012-05-14,605.5,708.5,605.5,705.0,67601,17.3,299.29
2012-05-21,709.0,730.0,685.0,700.0,44893,-0.71,0.5041
2012-05-28,695.75,704.0,637.0,637.0,0,-9.0,81.0
2012-06-04,644.0,669.75,637.75,656.0,40122,2.98,8.8804
2012-06-11,656.0,667.5,629.75,630.0,58577,-3.96,15.6816
2012-06-18,637.0,702.5,635.0,686.0,57359,8.89,79.03210000000001
2012-06-25,694.0,753.0,694.0,738.5,24265,7.65,58.52250000000001
2012-07-02,740.75,827.75,740.75,789.5,561,6.91,47.7481
2012-07-09,811.75,844.0,800.25,841.0,10014,6.52,42.5104
2012-07-16,860.0,942.5,857.75,941.0,55536,11.89,141.37210000000002
2012-07-23,939.0,940.0,856.25,906.0,47215,-3.72,13.838400000000002
2012-07-30,908.0,925.0,862.25,896.0,47204,-1.1,1.2100000000000002
2012-08-06,889.25,930.0,876.5,893.0,56876,-0.33,0.10890000000000001
2012-08-13,892.0,893.0,849.25,885.5,33768,-0.84,0.7055999999999999
2012-08-20,885.0,911.75,874.75,876.25,35333,-1.04,1.0816000000000001
2012-08-27,875.75,904.25,862.75,880.75,22859,0.51,0.2601
2012-09-03,883.75,906.75,861.5,899.25,808,2.1,4.41
2012-09-10,899.0,933.0,876.0,929.0,9256,3.31,10.956100000000001
2012-09-17,945.0,948.0,884.0,926.25,48221,-0.3,0.09
2012-09-24,925.5,933.5,872.5,927.5,56326,0.13,0.016900000000000002
2012-10-01,926.5,929.75,877.5,878.75,40627,-5.26,27.667599999999997
2012-10-08,879.5,925.5,878.0,890.25,42741,1.31,1.7161000000000002
2012-10-15,894.0,919.75,875.5,908.0,30409,1.99,3.9601
2012-10-22,908.0,935.0,898.5,909.25,43594,0.14,0.019600000000000003
2012-10-29,909.25,916.75,895.0,908.75,52061,-0.05,0.0025000000000000005
2012-11-05,907.5,947.0,906.75,922.25,80696,1.49,2.2201
2012-11-12,921.25,921.25,869.0,876.0,69168,-5.01,25.100099999999998
2012-11-19,874.75,883.75,872.25,878.25,33819,0.26,0.06760000000000001
2012-11-26,881.25,922.0,876.25,897.5,29534,2.19,4.7961
2012-12-03,900.0,906.5,885.0,896.0,392,-0.17,0.028900000000000006
2012-12-10,894.0,894.0,850.75,852.25,8298,-4.88,23.8144
2012-12-17,865.5,873.25,840.5,842.0,35218,-1.2,1.44
2012-12-24,843.75,845.75,815.75,826.0,25831,-1.9,3.61
2012-12-31,826.0,841.0,796.75,804.5,38091,-2.6,6.760000000000001
2013-01-07,806.75,819.75,785.25,807.0,90114,0.31,0.0961
2013-01-14,813.0,848.0,813.0,843.75,47324,4.55,20.702499999999997
2013-01-21,847.25,852.0,816.75,829.5,33039,-1.69,2.8560999999999996
2013-01-28,830.25,847.25,821.0,822.0,48472,-0.9,0.81
2013-02-04,825.5,829.75,796.75,799.75,76239,-2.71,7.3441
2013-02-11,801.25,803.5,769.75,777.5,73463,-2.78,7.728399999999999
2013-02-18,781.5,782.75,748.75,749.75,47915,-3.57,12.7449
2013-02-25,749.75,760.5,724.5,756.0,23880,0.83,0.6889
2013-03-04,752.25,752.25,727.0,738.25,65,-2.35,5.522500000000001
2013-03-11,740.0,842.5,727.5,751.5,13443,1.79,3.2041
2013-03-18,749.5,767.75,738.0,761.5,42483,1.33,1.7689000000000001
2013-03-25,761.0,778.75,723.25,726.75,54252,-4.56,20.793599999999998
2013-04-01,726.25,743.5,704.5,726.0,67562,-0.1,0.010000000000000002
2013-04-08,727.5,757.0,726.25,753.0,69788,3.72,13.838400000000002
2013-04-15,753.5,754.5,729.25,746.0,36721,-0.93,0.8649000000000001
2013-04-22,744.5,766.75,728.25,756.5,44555,1.41,1.9880999999999998
2013-04-29,762.0,803.5,761.0,790.0,12009,4.43,19.624899999999997
2013-05-06,772.0,792.0,759.0,771.5,152,-2.34,5.475599999999999
2013-05-13,768.25,768.25,735.75,737.25,33251,-4.44,19.713600000000003
2013-05-20,736.25,759.0,731.5,745.75,44634,1.15,1.3224999999999998
2013-05-27,745.75,754.75,735.5,751.0,40773,0.7,0.48999999999999994
2013-06-03,751.25,757.0,733.5,735.0,64754,-2.13,4.536899999999999
2013-06-10,733.75,733.75,708.25,711.5,92497,-3.2,10.240000000000002
2013-06-17,711.0,743.5,706.0,736.5,56022,3.51,12.320099999999998
2013-06-24,733.0,734.25,671.75,676.25,41442,-8.18,66.91239999999999
2013-07-01,676.0,692.25,671.75,676.5,2622,0.04,0.0016
2013-07-08,693.0,728.25,691.25,712.75,9649,5.36,28.729600000000005
2013-07-15,707.25,711.0,697.0,705.25,49172,-1.05,1.1025
2013-07-22,705.75,708.5,690.5,691.5,55209,-1.95,3.8024999999999998
2013-07-29,691.5,714.5,688.5,706.75,56759,2.21,4.8841
2013-08-05,706.0,712.5,692.0,697.25,77391,-1.34,1.7956000000000003
2013-08-12,697.5,710.0,690.5,698.25,57303,0.14,0.019600000000000003
2013-08-19,700.5,709.25,693.0,695.5,47554,-0.39,0.1521
2013-08-26,699.25,719.25,698.0,700.75,37795,0.75,0.5625
2013-09-02,701.25,709.0,693.75,708.5,2064,1.11,1.2321000000000002
2013-09-09,705.75,708.25,683.5,685.0,9236,-3.32,11.0224
2013-09-16,691.0,707.5,689.0,692.75,47609,1.13,1.2768999999999997
2013-09-23,693.0,735.0,691.5,731.75,67983,5.63,31.6969
2013-09-30,730.0,764.75,727.75,750.25,85871,2.53,6.400899999999999
2013-10-07,751.75,764.25,749.75,760.25,54476,1.33,1.7689000000000001
2013-10-14,759.5,770.0,742.25,768.75,51876,1.12,1.2544000000000002
2013-10-21,769.0,776.5,754.5,759.0,44172,-1.27,1.6129
2013-10-28,759.0,760.0,731.5,733.5,50034,-3.36,11.289599999999998
2013-11-04,733.0,736.5,703.5,708.5,67822,-3.41,11.628100000000002
2013-11-11,710.5,714.75,697.5,698.25,71888,-1.45,2.1025
2013-11-18,699.25,703.75,693.0,701.75,46544,0.5,0.25
2013-11-25,703.0,717.75,699.5,713.25,32189,1.64,2.6895999999999995
2013-12-02,711.75,715.5,702.0,705.25,1608,-1.12,1.2544000000000002
2013-12-09,705.0,706.0,657.0,657.0,11443,-6.84,46.785599999999995
2013-12-16,672.0,672.5,651.0,657.25,51884,0.04,0.0016
2013-12-23,656.5,658.5,638.5,644.25,18687,-1.98,3.9204
2013-12-30,642.0,644.25,630.25,642.5,37377,-0.27,0.0729
2014-01-06,644.5,651.0,624.5,626.0,70360,-2.57,6.604899999999999
2014-01-13,628.25,633.5,617.0,623.25,52660,-0.44,0.1936
2014-01-20,624.75,642.75,620.5,627.25,36350,0.64,0.4096
2014-01-27,628.0,634.75,607.75,615.5,47152,-1.87,3.4969000000000006
2014-02-03,614.5,657.25,612.5,649.25,80764,5.48,30.030400000000004
2014-02-10,646.75,679.5,644.0,674.5,90446,3.89,15.132100000000001
2014-02-17,675.0,694.5,674.0,682.75,41814,1.22,1.4884
2014-02-24,679.0,692.75,659.25,677.0,41183,-0.84,0.7055999999999999
2014-03-03,680.75,723.0,680.75,715.25,656,5.65,31.922500000000003
2014-03-10,712.0,744.0,704.75,744.0,9499,4.02,16.160399999999996
2014-03-17,750.5,799.0,741.0,771.25,52690,3.66,13.395600000000002
2014-03-24,771.0,797.25,762.75,763.5,49414,-1.0,1.0
2014-03-31,765.75,768.5,724.25,733.75,51552,-3.9,15.209999999999999
2014-04-07,734.75,749.25,717.0,719.5,76775,-1.94,3.7636
2014-04-14,725.5,774.25,724.25,758.0,42553,5.35,28.622499999999995
2014-04-21,759.0,777.25,729.75,775.75,42267,2.34,5.475599999999999
2014-04-28,775.25,835.0,770.5,831.75,16350,7.22,52.1284
2014-05-05,836.5,854.5,819.0,819.0,306,-1.53,2.3409
2014-05-12,824.0,839.0,762.25,767.75,39957,-6.26,39.187599999999996
2014-05-19,767.75,785.75,740.75,745.0,52443,-2.96,8.7616
2014-05-26,741.0,747.0,721.5,723.0,39225,-2.95,8.7025
2014-06-02,721.75,737.75,706.0,735.5,74999,1.73,2.9929
2014-06-09,736.0,745.0,702.0,713.25,86507,-3.03,9.1809
2014-06-16,713.5,741.75,702.0,720.75,54621,1.05,1.1025
2014-06-23,720.5,736.0,703.0,726.0,37412,0.73,0.5328999999999999
2014-06-30,727.0,731.0,672.25,697.0,2986,-3.99,15.920100000000001
2014-07-07,697.0,697.0,630.5,634.25,889,-9.0,81.0
2014-07-14,644.0,659.5,630.25,633.75,51054,-0.08,0.0064
2014-07-21,633.0,635.0,618.75,631.25,44724,-0.39,0.1521
2014-07-28,631.0,642.25,611.0,632.75,58900,0.24,0.0576
2014-08-04,632.0,661.75,627.75,629.25,64469,-0.55,0.30250000000000005
2014-08-11,629.25,633.75,602.0,619.75,68915,-1.51,2.2801
2014-08-18,619.0,639.0,611.0,633.5,44645,2.22,4.928400000000001
2014-08-25,632.0,645.0,612.75,626.25,31523,-1.14,1.2995999999999999
2014-09-01,626.25,626.25,600.25,619.75,819,-1.04,1.0816000000000001
2014-09-08,618.75,625.0,572.25,572.25,11772,-7.66,58.6756
2014-09-15,592.5,594.75,557.5,560.25,53833,-2.1,4.41
2014-09-22,560.25,571.75,553.5,563.75,41668,0.62,0.3844
2014-09-29,559.5,570.75,550.0,568.0,54219,0.75,0.5625
2014-10-06,567.75,595.75,567.0,577.75,56266,1.72,2.9583999999999997
2014-10-13,577.75,614.75,575.25,601.75,51771,4.15,17.222500000000004
2014-10-20,601.0,615.75,593.25,593.75,50780,-1.33,1.7689000000000001
2014-10-27,592.25,611.75,587.0,593.75,62797,0.0,0.0
2014-11-03,594.5,599.5,567.5,569.25,53687,-4.13,17.0569
2014-11-10,570.0,612.5,565.25,605.5,100826,6.37,40.5769
2014-11-17,605.5,609.75,581.25,604.0,44315,-0.25,0.0625
2014-11-24,603.75,640.0,600.0,637.0,25017,5.46,29.8116
2014-12-01,633.25,663.25,618.0,632.5,1638,-0.71,0.5041
2014-12-08,638.5,643.25,609.25,634.0,12528,0.24,0.0576
2014-12-15,633.5,705.75,630.25,666.0,81313,5.05,25.502499999999998
2014-12-22,664.25,677.75,638.0,644.25,28749,-3.27,10.6929
2014-12-29,645.0,654.75,610.0,617.0,32960,-4.23,17.892900000000004
2015-01-05,615.5,642.0,598.0,600.5,54969,-2.67,7.1289
2015-01-12,599.75,602.25,570.25,577.0,76772,-3.91,15.288100000000002
2015-01-19,576.75,583.25,560.25,564.0,57368,-2.25,5.0625
2015-01-26,564.0,567.5,533.25,540.25,78369,-4.21,17.7241
2015-02-02,539.0,573.25,533.0,561.75,84825,3.98,15.8404
2015-02-09,560.75,566.75,550.25,562.75,88743,0.18,0.0324
2015-02-16,564.0,582.25,532.0,533.25,60079,-5.24,27.457600000000003
2015-02-23,533.5,544.25,517.25,534.5,35275,0.23,0.0529
2015-03-02,536.25,540.0,514.0,520.75,1240,-2.57,6.604899999999999
2015-03-09,531.25,552.75,526.5,541.75,10729,4.03,16.240900000000003
2015-03-16,540.0,570.25,534.0,569.5,68165,5.12,26.2144
2015-03-23,571.5,579.25,541.5,553.0,58424,-2.9,8.41
2015-03-30,556.75,587.75,549.75,582.75,70952,5.38,28.944399999999998
2015-04-06,583.5,589.5,543.25,558.75,86360,-4.12,16.9744
2015-04-13,546.0,551.75,505.5,509.25,68199,-8.86,78.49959999999999
2015-04-20,508.75,522.0,500.75,502.25,37324,-1.37,1.8769000000000002
2015-04-27,503.75,505.5,483.75,493.25,24968,-1.79,3.2041
2015-05-04,490.75,510.5,485.25,510.5,388,3.5,12.25
2015-05-11,509.25,549.5,502.5,541.75,39548,6.12,37.4544
2015-05-18,541.25,564.5,533.0,546.5,86215,0.88,0.7744
2015-05-25,548.5,552.75,495.75,498.75,71866,-8.74,76.3876
2015-06-01,499.75,553.75,496.5,535.25,102005,7.32,53.58240000000001
2015-06-08,535.0,554.0,521.5,526.0,98625,-1.73,2.9929
2015-06-15,526.75,526.75,496.25,503.25,66706,-4.33,18.7489
2015-06-22,502.75,563.0,502.25,559.25,66144,11.13,123.87690000000002
2015-06-29,556.25,593.25,555.75,576.0,15353,3.0,9.0
2015-07-06,569.25,580.5,557.5,557.5,305,-3.21,10.3041
2015-07-13,559.75,565.0,537.75,546.5,48721,-1.97,3.8809
2015-07-20,546.0,546.0,506.0,507.25,59075,-7.18,51.5524
2015-07-27,506.25,508.0,490.0,492.25,71600,-2.96,8.7616
2015-08-03,490.5,495.75,481.5,493.0,71887,0.15,0.0225
2015-08-10,494.0,511.25,469.25,489.75,86960,-0.66,0.43560000000000004
2015-08-17,488.75,491.0,467.25,471.0,65559,-3.83,14.6689
2015-08-24,470.25,482.75,455.75,457.75,82984,-2.81,7.896100000000001
2015-08-31,455.5,466.5,440.25,448.5,3518,-2.02,4.0804
2015-09-07,453.75,459.0,448.25,459.0,116,2.34,5.475599999999999
2015-09-14,461.75,497.75,461.75,482.25,51803,5.07,25.704900000000002
2015-09-21,481.0,504.25,475.5,500.25,59036,3.73,13.9129
2015-09-28,500.5,512.0,489.5,500.5,66517,0.05,0.0025000000000000005
2015-10-05,499.0,521.0,495.25,500.25,63544,-0.05,0.0025000000000000005
2015-10-12,500.0,513.75,481.5,483.5,53559,-3.35,11.2225
2015-10-19,482.0,487.0,469.5,475.5,68928,-1.65,2.7224999999999997
2015-10-26,476.25,500.25,476.25,493.75,88625,3.84,14.7456
2015-11-02,493.0,499.5,479.75,490.25,99879,-0.71,0.5041
2015-11-09,488.75,490.25,455.25,465.5,117870,-5.05,25.502499999999998
2015-11-16,463.0,472.5,455.25,457.0,79061,-1.83,3.3489000000000004
2015-11-23,449.0,466.25,449.0,450.0,70293,-1.53,2.3409
2015-11-30,450.25,464.75,446.0,463.5,2497,3.0,9.0
2015-12-07,463.75,478.0,458.25,468.25,68,1.02,1.0404
2015-12-14,476.0,496.75,470.0,482.25,72381,2.99,8.940100000000001
2015-12-21,480.75,484.5,467.0,467.5,30022,-3.06,9.3636
2015-12-28,466.5,475.25,464.25,468.5,34614,0.21,0.04409999999999999
2016-01-04,468.5,477.0,451.75,472.75,95713,0.91,0.8281000000000001
2016-01-11,473.75,481.75,457.0,474.0,86807,0.26,0.06760000000000001
2016-01-18,475.0,478.0,465.0,470.75,45617,-0.69,0.4760999999999999
2016-01-25,472.5,479.5,463.0,472.0,72148,0.27,0.0729
2016-02-01,469.0,473.75,451.5,454.0,98685,-3.81,14.5161
2016-02-08,452.5,453.75,442.25,444.25,117364,-2.15,4.6225
2016-02-15,444.75,459.75,444.75,457.0,68731,2.87,8.2369
2016-02-22,455.75,460.25,437.75,442.5,71187,-3.17,10.0489
2016-02-29,445.0,458.75,437.5,457.75,1600,3.45,11.902500000000002
2016-03-07,462.5,472.75,456.5,472.5,130,3.22,10.368400000000001
2016-03-14,477.0,490.5,465.5,469.5,75542,-0.63,0.39690000000000003
2016-03-21,476.75,481.5,467.75,471.75,54969,0.48,0.2304
2016-03-28,471.75,485.0,459.0,477.75,99897,1.27,1.6129
2016-04-04,479.0,480.5,453.75,460.0,98973,-3.72,13.838400000000002
2016-04-11,458.0,459.5,442.5,457.75,105826,-0.49,0.24009999999999998
2016-04-18,458.0,497.75,457.0,461.75,73403,0.87,0.7569
2016-04-25,460.5,472.75,451.75,465.25,45801,0.76,0.5776
2016-05-02,461.5,461.5,437.75,441.0,2229,-5.21,27.144099999999998
2016-05-09,441.75,444.75,431.0,444.75,19866,0.85,0.7224999999999999
2016-05-16,455.75,461.75,444.0,449.0,87809,0.96,0.9216
2016-05-23,447.0,464.25,443.75,459.75,90505,2.39,5.7121
2016-05-30,458.5,475.0,446.0,474.0,98611,3.1,9.610000000000001
2016-06-06,474.0,495.5,468.0,468.5,189248,-1.16,1.3456
2016-06-13,468.25,477.25,450.25,460.75,127635,-1.65,2.7224999999999997
2016-06-20,460.5,460.5,418.0,422.75,90003,-8.25,68.0625
2016-06-27,422.75,427.75,392.5,394.25,64413,-6.74,45.427600000000005
2016-07-04,391.0,408.0,385.0,405.25,1030,2.79,7.7841000000000005
2016-07-11,409.75,423.5,397.25,413.75,46509,2.1,4.41
2016-07-18,413.5,421.25,400.0,419.0,106118,1.27,1.6129
2016-07-25,419.0,427.0,403.5,409.75,101417,-2.21,4.8841
2016-08-01,409.0,417.75,403.5,411.75,119279,0.49,0.24009999999999998
2016-08-08,411.75,417.0,405.25,416.25,140260,1.09,1.1881000000000002
2016-08-15,415.5,424.0,406.25,418.75,101238,0.6,0.36
2016-08-22,418.0,421.25,388.5,389.75,89339,-6.93,48.024899999999995
2016-08-29,389.75,390.0,367.25,386.5,47654,-0.83,0.6889
2016-09-05,385.0,393.5,384.0,393.5,456,1.81,3.2761
2016-09-12,390.75,422.5,390.5,417.25,42495,6.04,36.4816
2016-09-19,418.5,425.75,412.5,421.5,63779,1.02,1.0404
2016-09-26,418.75,425.0,408.5,415.5,87715,-1.42,2.0164
2016-10-03,414.0,418.25,401.25,403.0,110550,-3.01,9.060099999999998
2016-10-10,404.5,423.75,397.0,417.75,99548,3.66,13.395600000000002
2016-10-17,415.75,428.25,413.25,421.5,89715,0.9,0.81
2016-10-24,421.0,424.5,409.5,411.25,84183,-2.43,5.9049000000000005
2016-10-31,413.5,419.0,407.0,411.5,94148,0.06,0.0036
2016-11-07,411.5,422.0,405.5,410.25,158759,-0.3,0.09
2016-11-14,410.0,415.0,401.0,413.75,120126,0.85,0.7224999999999999
2016-11-21,414.0,418.5,408.0,411.25,71245,-0.6,0.36
2016-11-28,411.0,414.5,382.75,390.0,47974,-5.17,26.7289
2016-12-05,390.75,395.5,382.0,395.5,304,1.41,1.9880999999999998
2016-12-12,397.5,420.0,397.5,414.75,56761,4.87,23.716900000000003
2016-12-19,415.0,419.75,405.25,406.25,72291,-2.05,4.2025
2016-12-26,406.75,420.75,406.5,418.5,63239,3.02,9.1204
2017-01-02,418.0,438.75,413.5,433.5,98154,3.58,12.8164
2017-01-09,433.5,449.5,422.5,449.0,160279,3.58,12.8164
2017-01-16,448.75,457.5,437.75,443.0,88969,-1.34,1.7956000000000003
2017-01-23,443.0,446.5,432.25,434.25,88544,-1.98,3.9204
2017-01-30,431.0,449.0,423.75,440.5,106868,1.44,2.0736
2017-02-06,438.25,462.25,430.75,460.5,153862,4.54,20.6116
2017-02-13,459.5,474.5,454.0,456.25,96198,-0.92,0.8464
2017-02-20,455.25,461.5,451.0,453.75,89601,-0.55,0.30250000000000005
2017-02-27,453.0,465.5,441.75,462.0,31563,1.82,3.3124000000000002
2017-03-06,466.5,467.75,445.25,445.25,265,-3.63,13.1769
2017-03-13,438.0,454.25,431.5,453.5,69648,1.85,3.4225000000000003
2017-03-20,454.75,458.25,426.5,428.0,103804,-5.62,31.584400000000002
2017-03-27,429.0,429.5,415.0,420.5,116916,-1.75,3.0625
2017-04-03,423.25,427.25,417.0,421.75,103274,0.3,0.09
2017-04-10,421.75,432.75,418.25,427.25,127529,1.3,1.6900000000000002
2017-04-17,427.25,428.0,398.75,404.5,88899,-5.32,28.302400000000002
2017-04-24,405.0,425.0,400.0,424.75,87676,5.01,25.100099999999998
2017-05-01,430.0,459.0,430.0,438.0,1933,3.12,9.7344
2017-05-08,435.25,436.75,425.75,429.0,12653,-2.05,4.2025
2017-05-15,437.5,439.0,421.0,438.0,120893,2.1,4.41
2017-05-22,439.75,444.25,429.25,437.5,95670,-0.11,0.0121
2017-05-29,437.0,440.25,424.25,433.25,104958,-0.97,0.9409
2017-06-05,433.5,460.0,427.25,451.5,176649,4.21,17.7241
2017-06-12,451.0,476.5,439.5,473.5,227037,4.87,23.716900000000003
2017-06-19,472.5,481.25,459.0,464.25,153939,-1.95,3.8024999999999998
2017-06-26,461.5,511.25,452.25,511.25,88975,10.12,102.41439999999999
2017-07-03,516.5,556.75,516.5,526.5,2784,2.98,8.8804
2017-07-10,539.5,544.0,499.0,499.0,24156,-5.22,27.248399999999997
2017-07-17,512.25,517.5,493.5,496.0,121775,-0.6,0.36
2017-07-24,491.25,493.25,472.25,481.0,127362,-3.02,9.1204
2017-07-31,478.75,481.5,457.25,459.5,147921,-4.47,19.9809
2017-08-07,460.0,471.5,436.25,441.25,139956,-3.97,15.760900000000001
2017-08-14,437.5,438.5,410.5,414.5,109976,-6.06,36.7236
2017-08-21,413.25,416.25,396.25,404.5,66899,-2.41,5.8081000000000005
2017-08-28,403.0,414.5,391.5,412.5,55524,1.98,3.9204
2017-09-04,416.5,423.25,414.0,415.5,957,0.73,0.5328999999999999
2017-09-11,409.0,447.5,407.0,446.0,34904,7.34,53.8756
2017-09-18,445.0,452.5,434.75,450.25,78363,0.95,0.9025
2017-09-25,448.5,460.25,441.75,442.75,113728,-1.67,2.7889
2017-10-02,440.25,444.75,431.75,436.75,90409,-1.36,1.8496000000000004
2017-10-09,436.5,439.0,422.5,436.25,98262,-0.11,0.0121
2017-10-16,436.0,440.75,421.75,422.75,79880,-3.09,9.5481
2017-10-23,422.5,438.75,421.25,425.25,95593,0.59,0.34809999999999997
2017-10-30,425.5,429.0,413.5,426.75,136301,0.35,0.12249999999999998
2017-11-06,427.75,435.0,419.0,433.25,217714,1.52,2.3104
2017-11-13,433.0,433.0,416.5,422.0,161088,-2.6,6.760000000000001
2017-11-20,422.0,424.75,411.0,414.5,72468,-1.78,3.1684
2017-11-27,414.0,422.0,404.0,420.5,71928,1.45,2.1025
2017-12-04,423.0,423.75,400.75,400.75,660,-4.7,22.090000000000003
2017-12-11,398.25,421.0,394.0,417.5,39266,4.18,17.472399999999997
2017-12-18,420.25,426.0,416.0,422.25,80058,1.14,1.2995999999999999
2017-12-25,422.5,428.0,417.25,427.25,59713,1.18,1.3923999999999999
2018-01-01,429.25,442.0,429.0,437.5,123797,2.4,5.76
2018-01-08,437.5,443.0,424.0,426.25,182409,-2.57,6.604899999999999
2018-01-15,426.25,431.75,420.5,427.5,89174,0.29,0.0841
2018-01-22,428.25,444.5,421.75,443.0,155714,3.63,13.1769
2018-01-29,445.0,471.25,445.0,463.25,301223,4.57,20.884900000000002
2018-02-05,459.75,484.5,454.5,465.5,257800,0.49,0.24009999999999998
2018-02-12,467.25,482.5,466.5,478.5,193258,2.79,7.7841000000000005
2018-02-19,480.0,485.5,460.0,469.0,106332,-1.99,3.9601
2018-02-26,472.5,531.0,472.25,522.0,46018,11.3,127.69000000000001
2018-03-05,524.0,533.5,508.0,508.0,164,-2.68,7.182400000000001
2018-03-12,506.0,531.25,498.75,499.5,82511,-1.67,2.7889
2018-03-19,493.0,495.0,458.25,479.25,193291,-4.05,16.4025
2018-03-26,483.0,485.5,456.0,467.25,98061,-2.5,6.25
2018-04-02,473.5,507.25,466.75,506.75,163634,8.45,71.40249999999999
2018-04-09,514.25,528.75,490.75,495.75,168007,-2.17,4.7089
2018-04-16,490.0,496.75,476.0,482.75,89750,-2.62,6.864400000000001
2018-04-23,482.75,513.25,477.25,512.25,77749,6.11,37.332100000000004
2018-04-30,513.75,547.5,512.0,535.75,4295,4.59,21.068099999999998
2018-05-07,531.0,531.0,499.5,501.75,778,-6.35,40.3225
2018-05-14,496.75,539.5,496.75,538.75,127919,7.37,54.316900000000004
2018-05-21,543.0,565.0,522.5,564.0,178607,4.69,21.996100000000002
2018-05-28,566.0,574.75,532.0,540.75,128950,-4.12,16.9744
2018-06-04,538.0,555.5,518.5,538.25,199919,-0.46,0.2116
2018-06-11,538.25,558.0,506.5,519.75,186885,-3.44,11.833599999999999
2018-06-18,515.0,518.75,471.75,488.75,113560,-5.96,35.5216
2018-06-25,488.75,488.75,452.75,470.75,67008,-3.68,13.5424
2018-07-02,473.75,492.25,449.5,492.25,1100,4.57,20.884900000000002
2018-07-09,491.0,491.0,463.0,469.25,23689,-4.67,21.808899999999998
2018-07-16,489.75,513.0,482.0,508.5,106736,8.36,69.88959999999999
2018-07-23,509.25,553.5,502.25,532.5,188938,4.72,22.278399999999998
2018-07-30,536.25,597.25,535.25,567.25,198588,6.53,42.6409
2018-08-06,567.0,598.75,559.0,559.75,169280,-1.32,1.7424000000000002
2018-08-13,559.5,568.75,533.75,565.0,124401,0.94,0.8835999999999999
2018-08-20,565.75,567.25,517.5,519.25,70105,-8.1,65.61
2018-08-27,518.25,527.25,497.75,523.0,56457,0.72,0.5184
2018-09-03,503.5,511.75,488.5,488.5,255,-6.6,43.559999999999995
2018-09-10,495.0,503.75,475.5,479.0,24233,-1.94,3.7636
2018-09-17,517.5,529.75,510.75,525.25,98146,9.66,93.3156
2018-09-24,525.25,534.25,510.0,511.25,100331,-2.67,7.1289
2018-10-01,513.25,530.75,506.5,524.25,118551,2.54,6.4516
2018-10-08,526.5,528.75,510.5,524.25,100997,0.0,0.0
2018-10-15,524.5,533.25,512.25,516.25,80239,-1.53,2.3409
2018-10-22,515.0,515.75,485.25,500.25,140660,-3.1,9.610000000000001
2018-10-29,504.75,510.25,484.5,504.25,134986,0.8,0.6400000000000001
2018-11-05,504.25,510.75,487.0,487.5,155855,-3.32,11.0224
2018-11-12,487.5,496.25,478.75,482.75,131251,-0.97,0.9409
2018-11-19,483.0,484.0,460.75,461.25,75079,-4.45,19.802500000000002
2018-11-26,465.25,488.0,456.75,486.5,100255,5.47,29.920899999999996
2018-12-03,492.0,495.0,468.75,484.5,561,-0.41,0.16809999999999997
2018-12-10,486.25,504.0,477.25,492.5,20394,1.65,2.7224999999999997
2018-12-17,518.0,524.25,499.25,502.75,100392,2.08,4.3264000000000005
2018-12-24,502.5,508.25,491.25,496.0,46105,-1.34,1.7956000000000003
2018-12-31,496.0,508.75,487.25,506.0,73541,2.02,4.0804
2019-01-07,506.25,511.0,496.25,504.5,109283,-0.3,0.09
2019-01-14,504.5,509.25,492.25,506.0,134050,0.3,0.09
2019-01-21,506.0,518.0,502.75,509.5,104955,0.69,0.4760999999999999
2019-01-28,510.0,513.25,497.0,508.75,136628,-0.15,0.0225
2019-02-04,510.0,513.5,492.5,494.25,194634,-2.85,8.1225
2019-02-11,493.25,495.5,472.0,476.5,188586,-3.59,12.8881
2019-02-18,472.75,478.5,449.5,458.5,120054,-3.78,14.2884
2019-02-25,460.0,462.75,432.0,440.75,91375,-3.87,14.9769
2019-03-04,443.0,448.5,419.0,424.75,156,-3.63,13.1769
2019-03-11,414.25,444.5,414.25,443.0,55473,4.3,18.49
2019-03-18,443.5,452.0,433.5,445.0,126395,0.45,0.2025
2019-03-25,445.25,454.0,427.25,430.0,122457,-3.37,11.356900000000001
2019-04-01,431.0,443.5,422.75,431.25,152411,0.29,0.0841
2019-04-08,430.5,435.25,422.0,434.25,170083,0.7,0.48999999999999994
2019-04-15,434.25,434.75,414.25,420.0,89988,-3.28,10.758399999999998
2019-04-22,420.0,420.0,398.75,399.75,108949,-4.82,23.232400000000002
2019-04-29,400.5,404.0,383.5,393.0,19859,-1.69,2.8560999999999996
2019-05-06,389.0,395.75,379.25,379.25,232,-3.5,12.25
2019-05-13,378.25,425.5,378.25,420.25,124772,10.81,116.85610000000001
2019-05-20,424.75,453.0,421.25,442.0,190644,5.18,26.832399999999996
2019-05-27,448.0,490.0,445.25,473.0,187277,7.01,49.1401
2019-06-03,476.5,497.0,440.75,449.0,216989,-5.07,25.704900000000002
2019-06-10,447.25,478.0,439.0,476.25,181501,6.07,36.8449
2019-06-17,476.5,487.0,451.0,452.5,134584,-4.99,24.900100000000002
2019-06-24,453.0,478.5,445.0,451.5,86377,-0.22,0.0484
2019-07-01,452.0,452.0,424.0,439.0,708,-2.77,7.6729
2019-07-08,438.5,461.25,438.25,461.25,41611,5.07,25.704900000000002
2019-07-15,467.25,472.5,431.25,440.0,125348,-4.61,21.252100000000002
2019-07-22,440.0,450.0,426.5,432.0,161326,-1.82,3.3124000000000002
2019-07-29,431.0,440.25,410.75,421.75,142956,-2.37,5.6169
2019-08-05,421.25,427.5,410.5,417.0,198207,-1.13,1.2768999999999997
2019-08-12,417.0,417.0,380.75,394.25,176354,-5.46,29.8116
2019-08-19,394.25,395.5,384.0,391.5,96034,-0.7,0.48999999999999994
2019-08-26,390.0,395.0,374.25,378.25,74731,-3.38,11.424399999999999
2019-09-02,382.0,383.0,361.75,375.25,399,-0.79,0.6241000000000001
2019-09-09,370.25,387.75,370.25,383.5,20203,2.2,4.840000000000001
2019-09-16,403.0,414.0,398.75,407.5,114974,6.26,39.187599999999996
2019-09-23,409.5,414.0,402.0,407.5,92346,0.0,0.0
2019-09-30,408.0,420.0,400.5,404.0,156185,-0.86,0.7395999999999999
2019-10-07,405.0,423.25,398.75,419.5,168634,3.84,14.7456
2019-10-14,424.0,434.0,417.5,433.75,133557,3.4,11.559999999999999
2019-10-21,432.75,437.25,417.0,422.75,128540,-2.54,6.4516
2019-10-28,423.0,427.0,410.0,426.0,126827,0.77,0.5929
2019-11-04,424.75,432.25,417.75,421.5,190338,-1.06,1.1236000000000002
2019-11-11,421.25,439.25,416.5,417.0,231618,-1.07,1.1449
2019-11-18,416.75,429.75,413.25,424.0,130995,1.68,2.8223999999999996
2019-11-25,424.0,441.75,423.75,438.75,53228,3.48,12.1104
2019-12-02,439.75,445.5,415.0,415.0,426,-5.41,29.2681
2019-12-09,415.25,427.5,411.5,427.5,34472,3.01,9.060099999999998
2019-12-16,444.5,468.0,444.5,462.25,158299,8.13,66.09690000000002
2019-12-23,461.5,481.5,458.0,479.75,77106,3.79,14.3641
2019-12-30,482.0,496.75,473.0,475.0,100221,-0.99,0.9801
2020-01-06,472.5,498.25,469.5,494.75,174058,4.16,17.305600000000002
2020-01-13,496.5,504.25,480.5,494.25,144594,-0.1,0.010000000000000002
2020-01-20,495.25,504.75,483.75,486.0,102570,-1.67,2.7889
2020-01-27,483.0,490.25,463.25,465.5,116907,-4.22,17.8084
2020-02-03,464.0,477.0,458.5,472.5,121542,1.5,2.25
2020-02-10,472.5,476.5,462.75,465.5,207784,-1.48,2.1904
2020-02-17,469.0,486.75,466.75,468.5,95258,0.64,0.4096
2020-02-24,468.0,468.25,431.75,445.5,83761,-4.91,24.1081
2020-03-02,445.5,464.5,439.25,439.25,276,-1.4,1.9599999999999997
2020-03-09,436.5,470.75,431.25,431.25,25529,-1.82,3.3124000000000002
2020-03-16,429.25,477.25,420.0,469.0,209952,8.75,76.5625
2020-03-23,472.25,505.75,468.0,486.75,163013,3.78,14.2884
2020-03-30,487.25,497.0,460.5,472.0,121127,-3.03,9.1809
2020-04-06,472.25,493.25,468.25,492.0,108598,4.24,17.977600000000002
2020-04-13,495.5,502.0,466.25,478.75,119136,-2.69,7.2360999999999995
2020-04-20,480.0,507.75,472.25,474.75,81961,-0.84,0.7055999999999999
2020-04-27,475.25,482.75,461.75,482.0,31478,1.53,2.3409
2020-05-04,477.75,504.0,475.0,504.0,157,4.56,20.793599999999998
2020-05-11,504.0,504.0,450.25,452.25,47276,-10.27,105.4729
2020-05-18,454.25,460.75,438.75,444.5,123506,-1.71,2.9240999999999997
2020-05-25,442.0,473.0,441.0,470.5,98908,5.85,34.2225
2020-06-01,469.75,476.75,450.0,461.25,156219,-1.97,3.8809
2020-06-08,463.0,466.0,445.0,448.5,182077,-2.76,7.617599999999999
2020-06-15,447.25,449.5,427.75,428.25,123822,-4.52,20.430399999999995
2020-06-22,428.5,437.75,416.5,421.25,88824,-1.63,2.6569
2020-06-29,420.25,444.0,418.25,427.25,16289,1.42,2.0164
2020-07-06,433.0,458.5,428.5,447.25,119,4.68,21.902399999999997
2020-07-13,440.5,462.75,438.25,448.75,121294,0.34,0.11560000000000002
2020-07-20,448.0,455.25,432.0,449.5,122129,0.17,0.028900000000000006
2020-07-27,448.5,449.0,433.25,442.5,119538,-1.56,2.4336
2020-08-03,438.5,439.5,409.75,415.5,177394,-6.1,37.209999999999994
2020-08-10,415.0,433.0,410.0,425.25,209688,2.35,5.522500000000001
2020-08-17,425.25,447.0,425.25,445.75,119249,4.82,23.232400000000002
2020-08-24,445.0,466.0,432.5,461.75,92970,3.59,12.8881
2020-08-31,463.5,488.5,461.75,474.5,1427,2.76,7.617599999999999
2020-09-07,475.25,484.25,461.25,473.5,58,-0.21,0.04409999999999999
2020-09-14,477.5,507.5,463.25,504.25,139775,6.49,42.1201
2020-09-21,509.0,509.0,474.75,475.25,133965,-5.75,33.0625
2020-09-28,473.75,515.5,469.5,509.5,150730,7.21,51.9841
2020-10-05,510.5,552.75,510.25,535.5,166946,5.1,26.009999999999998
2020-10-12,535.5,565.25,523.5,558.75,122097,4.34,18.8356
2020-10-19,565.5,579.5,555.25,569.75,110598,1.97,3.8809
2020-10-26,569.5,569.5,532.0,541.25,129726,-5.0,25.0
2020-11-02,537.25,581.0,535.5,555.25,163226,2.59,6.708099999999999
2020-11-09,556.25,568.75,537.5,552.0,190951,-0.59,0.34809999999999997
2020-11-16,551.0,562.5,543.25,550.25,78342,-0.32,0.1024
2020-11-23,550.5,565.0,543.0,561.5,44879,2.04,4.1616
2020-11-30,559.5,559.5,537.5,541.25,637,-3.61,13.0321
2020-12-07,536.0,579.0,532.5,579.0,68,6.97,48.5809
2020-12-14,579.0,579.0,556.0,569.25,81607,-1.68,2.8223999999999996
2020-12-21,572.0,593.0,557.5,589.0,62381,3.47,12.0409
2020-12-28,590.5,606.5,569.75,603.5,64318,2.46,6.0516
2021-01-04,605.0,616.5,587.25,594.75,104991,-1.45,2.1025
2021-01-11,594.5,660.0,588.0,643.0,121062,8.11,65.7721
2021-01-18,649.75,657.0,611.75,613.25,85469,-4.63,21.436899999999998
2021-01-25,613.25,648.0,605.5,638.0,109726,4.04,16.3216
2021-02-01,638.5,644.0,604.5,625.25,155573,-2.0,4.0
2021-02-08,627.75,644.0,609.25,616.75,214813,-1.36,1.8496000000000004
2021-02-15,628.75,645.5,619.75,631.75,75561,2.43,5.9049000000000005
2021-02-22,632.75,657.0,624.75,624.75,53651,-1.11,1.2321000000000002
2021-03-01,629.0,630.75,612.75,617.25,742,-1.2,1.44
2021-03-08,611.75,618.0,593.75,595.0,15573,-3.6,12.96
2021-03-15,604.0,609.25,580.0,585.5,98423,-1.6,2.5600000000000005
2021-03-22,587.5,587.5,562.5,568.25,101363,-2.95,8.7025
2021-03-29,569.25,587.0,553.0,565.0,119947,-0.57,0.32489999999999997
2021-04-05,563.25,592.5,553.5,586.5,154651,3.81,14.5161
2021-04-12,586.5,616.0,575.75,609.25,151443,3.88,15.0544
2021-04-19,610.0,675.75,609.25,673.25,73314,10.5,110.25
2021-04-26,674.0,734.75,674.0,698.25,46081,3.71,13.7641
2021-05-03,687.0,727.75,680.5,727.75,412,4.22,17.8084
2021-05-10,713.25,713.25,651.75,651.75,35379,-10.44,108.99359999999999
2021-05-17,657.75,670.5,615.75,624.0,128467,-4.26,18.147599999999997
2021-05-24,618.0,629.5,588.0,613.25,125808,-1.72,2.9583999999999997
2021-05-31,623.25,653.0,617.5,636.5,104221,3.79,14.3641
2021-06-07,645.0,654.5,621.0,638.0,168538,0.24,0.0576
2021-06-14,635.0,636.5,583.75,606.5,120308,-4.94,24.403600000000004
2021-06-21,607.5,618.75,587.5,600.25,76691,-1.03,1.0609
2021-06-28,600.25,661.5,600.0,611.25,38570,1.83,3.3489000000000004
2021-07-05,599.0,603.5,573.0,599.0,429,-2.0,4.0
2021-07-12,622.0,660.75,604.75,651.5,80775,8.76,76.7376
2021-07-19,658.25,674.25,639.25,646.0,129870,-0.84,0.7055999999999999
2021-07-26,649.0,679.5,631.0,673.25,107716,4.22,17.8084
2021-08-02,672.25,719.0,672.25,705.75,151059,4.83,23.3289
2021-08-09,704.75,756.25,696.75,742.25,192094,5.17,26.7289
2021-08-16,742.0,749.0,695.25,702.0,93527,-5.42,29.3764
2021-08-23,699.75,723.0,696.0,712.25,74383,1.46,2.1315999999999997
2021-08-30,715.25,724.75,688.5,715.25,7819,0.42,0.17639999999999997
2021-09-06,703.5,709.75,673.0,676.25,59,-5.45,29.7025
2021-09-13,672.75,723.0,666.25,713.0,70244,5.43,29.484899999999996
2021-09-20,712.5,723.75,686.25,719.75,89757,0.95,0.9025
2021-09-27,717.5,761.75,703.0,759.5,138200,5.52,30.470399999999994
2021-10-04,755.25,764.25,735.25,737.5,98635,-2.9,8.41
2021-10-11,735.75,748.0,716.0,743.75,105799,0.85,0.7224999999999999
2021-10-18,744.25,775.0,741.25,774.0,131406,4.07,16.5649
2021-10-25,774.0,797.25,766.5,785.75,121899,1.52,2.3104
2021-11-01,787.75,814.5,778.0,778.75,116070,-0.89,0.7921
2021-11-08,778.75,843.5,774.0,833.0,201614,6.97,48.5809
2021-11-15,833.0,849.75,816.25,834.75,123500,0.21,0.04409999999999999
2021-11-22,839.75,887.25,838.5,865.0,69093,3.62,13.1044
2021-11-29,875.25,881.75,810.25,822.0,9111,-4.97,24.700899999999997
2021-12-06,824.0,827.25,793.75,801.5,179,-2.49,6.200100000000001
2021-12-13,804.25,821.0,781.0,810.0,85268,1.06,1.1236000000000002
2021-12-20,814.25,863.75,793.75,861.5,77016,6.36,40.449600000000004
2021-12-27,864.25,871.0,798.5,801.5,84561,-6.96,48.4416
2022-01-03,805.25,817.0,754.5,775.0,123705,-3.31,10.956100000000001
2022-01-10,776.5,793.5,743.75,745.0,133724,-3.87,14.9769
2022-01-17,746.5,806.5,745.0,793.25,92305,6.48,41.99040000000001
2022-01-24,805.0,849.25,790.0,802.25,115279,1.13,1.2768999999999997
2022-01-31,807.25,817.0,753.25,785.75,115238,-2.06,4.2436
2022-02-07,796.25,831.0,777.25,824.25,212148,4.9,24.010000000000005
2022-02-14,826.0,850.0,797.25,835.25,119424,1.33,1.7689000000000001
2022-02-21,854.0,971.75,845.75,886.75,49269,6.17,38.0689
2022-02-28,916.0,1200.75,916.0,1200.75,736,35.41,1253.8680999999997
2022-03-07,1225.75,1247.5,1052.25,1075.75,47,-10.41,108.3681
2022-03-14,1079.25,1164.5,1040.0,1070.5,60382,-0.49,0.24009999999999998
2022-03-21,1079.0,1156.5,1070.25,1110.75,47834,3.76,14.137599999999999
2022-03-28,1101.5,1103.25,993.0,1013.0,72738,-8.8,77.44000000000001
2022-04-04,1019.25,1109.5,1016.5,1106.75,76743,9.25,85.5625
2022-04-11,1109.75,1186.25,1109.25,1154.0,76587,4.27,18.232899999999997
2022-04-18,1154.0,1198.0,1128.75,1142.75,40966,-0.97,0.9409
2022-04-25,1149.5,1173.25,1094.25,1094.25,21517,-4.24,17.977600000000002
2022-05-02,1084.25,1181.0,1079.0,1159.25,158,5.94,35.28360000000001
2022-05-09,1153.25,1270.0,1153.25,1252.75,12877,8.07,65.12490000000001
2022-05-16,1326.25,1379.25,1251.75,1252.75,86311,0.0,0.0
2022-05-23,1262.25,1291.5,1192.0,1235.25,73715,-1.4,1.9599999999999997
2022-05-30,1236.25,1237.25,1112.5,1121.0,85566,-9.25,85.5625
2022-06-06,1134.25,1184.75,1130.0,1162.5,127851,3.7,13.690000000000001
2022-06-13,1165.0,1183.0,1102.5,1105.0,92517,-4.95,24.5025
2022-06-20,1104.0,1108.0,991.75,992.5,67419,-10.18,103.63239999999999
2022-06-27,992.0,1003.5,907.5,911.0,31595,-8.21,67.40410000000001
2022-07-04,910.0,950.75,836.5,950.75,482,4.36,19.009600000000002
2022-07-11,967.5,968.5,820.0,837.5,35494,-11.91,141.84810000000002
2022-07-18,847.5,897.75,814.5,820.25,88769,-2.06,4.2436
2022-07-25,848.0,915.25,823.25,874.5,87149,6.61,43.6921
2022-08-01,878.0,886.5,823.25,848.25,103975,-3.0,9.0
2022-08-08,848.0,894.75,829.75,889.25,115669,4.83,23.3289
2022-08-15,882.75,892.75,807.5,844.75,57419,-5.0,25.0
2022-08-22,844.75,907.25,837.0,883.25,49916,4.56,20.793599999999998
2022-08-29,886.25,928.0,863.5,871.5,15682,-1.33,1.7689000000000001
2022-09-05,879.0,934.75,879.0,929.25,47,6.63,43.9569
2022-09-12,929.25,963.5,910.25,935.25,49735,0.65,0.42250000000000004
2022-09-19,934.0,989.75,896.25,950.5,91358,1.63,2.6569
2022-09-26,950.5,1010.75,926.75,991.5,93428,4.31,18.576099999999997
2022-10-03,997.0,1011.0,959.75,968.75,90612,-2.29,5.2441
2022-10-10,980.5,1037.5,950.75,952.25,95933,-1.7,2.8899999999999997
2022-10-17,954.0,969.25,929.0,948.25,73762,-0.42,0.17639999999999997
2022-10-24,951.0,955.75,915.25,925.0,72219,-2.45,6.002500000000001
2022-10-31,962.0,991.0,925.25,953.25,112325,3.05,9.302499999999998
2022-11-07,953.5,971.75,917.0,943.5,112766,-1.02,1.0404
2022-11-14,947.75,974.75,929.0,934.25,86473,-0.98,0.9603999999999999
2022-11-21,934.75,942.0,911.0,922.0,36424,-1.31,1.7161000000000002
2022-11-28,921.5,924.75,865.5,882.0,13429,-4.34,18.8356
2022-12-05,888.5,891.25,844.0,850.75,172,-3.54,12.531600000000001
2022-12-12,880.0,891.0,843.0,844.0,41941,-0.79,0.6241000000000001
2022-12-19,845.0,877.5,830.75,874.75,59919,3.64,13.249600000000001
2022-12-26,878.75,894.75,861.0,888.0,42738,1.51,2.2801
2023-01-02,880.25,888.0,830.5,832.0,61613,-6.31,39.81609999999999
2023-01-09,835.25,847.0,803.25,843.75,105856,1.41,1.9880999999999998
2023-01-16,843.75,866.25,823.5,848.0,79566,0.5,0.25
2023-01-23,842.0,873.0,811.0,869.25,104102,2.51,6.300099999999999
2023-01-30,871.0,892.75,859.25,873.0,97660,0.43,0.18489999999999998
2023-02-06,872.5,913.25,869.0,909.0,149297,4.12,16.9744
2023-02-13,910.25,921.5,888.5,906.5,98321,-0.28,0.07840000000000001
2023-02-20,909.5,915.25,831.0,841.75,68680,-7.14,50.9796
2023-02-27,842.0,843.5,813.0,822.5,8241,-2.29,5.2441
2023-03-06,808.0,818.5,786.25,811.25,70,-1.37,1.8769000000000002
2023-03-13,813.5,837.75,809.25,835.75,76889,3.02,9.1204
2023-03-20,830.25,861.25,791.25,848.0,109256,1.47,2.1609
2023-03-27,848.75,896.5,840.25,877.75,111422,3.51,12.320099999999998
2023-04-03,887.0,902.0,853.25,864.5,66004,-1.51,2.2801
2023-04-10,876.75,886.0,839.5,878.75,126252,1.65,2.7224999999999997
2023-04-17,884.0,898.75,826.5,840.75,64170,-4.32,18.6624
2023-04-24,846.25,852.0,769.5,807.25,29873,-3.98,15.8404
2023-05-01,810.0,886.5,771.25,879.75,86,8.98,80.64040000000001
2023-05-08,904.75,932.5,891.0,891.75,48856,1.36,1.8496000000000004
2023-05-15,877.75,918.75,821.25,824.25,185548,-7.57,57.3049
2023-05-22,827.0,849.5,802.75,819.25,144595,-0.61,0.3721
2023-05-29,818.25,819.0,763.75,812.25,121329,-0.85,0.7224999999999999
2023-06-05,812.75,847.25,782.0,797.75,147634,-1.79,3.2041
2023-06-12,798.75,852.75,778.0,842.0,112044,5.55,30.8025
2023-06-19,839.75,891.25,829.0,859.0,58406,2.02,4.0804
2023-06-26,859.0,888.0,791.5,801.25,27484,-6.72,45.15839999999999
2023-07-03,791.0,858.5,791.0,817.5,306,2.03,4.120899999999999
2023-07-10,831.0,831.0,804.0,809.25,18799,-1.01,1.0201
2023-07-17,829.0,891.0,806.5,860.25,132773,6.3,39.69
2023-07-24,861.75,929.75,842.75,856.25,145508,-0.46,0.2116
2023-07-31,857.5,858.0,752.0,752.5,149717,-12.12,146.8944
2023-08-07,760.75,779.5,748.25,755.75,131186,0.43,0.18489999999999998
2023-08-14,758.75,761.0,730.25,753.5,70129,-0.3,0.09
2023-08-21,756.5,762.5,734.5,754.0,47516,0.07,0.004900000000000001
2023-08-28,755.0,759.0,705.0,720.5,25725,-4.44,19.713600000000003
2023-09-04,728.0,752.75,716.0,725.0,187,0.62,0.3844
2023-09-11,715.0,748.5,704.0,746.5,40329,2.97,8.820900000000002
2023-09-18,744.5,744.5,707.0,711.25,87005,-4.72,22.278399999999998
2023-09-25,713.0,721.75,662.0,663.75,115992,-6.68,44.6224
2023-10-02,664.25,692.5,663.75,673.75,110594,1.51,2.2801
2023-10-09,676.75,690.25,655.25,669.0,101335,-0.71,0.5041
2023-10-16,668.5,687.75,662.5,670.0,84737,0.15,0.0225
2023-10-23,671.0,680.25,639.5,643.0,108221,-4.03,16.240900000000003
2023-10-30,644.0,652.75,625.5,643.5,119472,0.08,0.0064
2023-11-06,643.5,661.25,629.75,640.0,159169,-0.54,0.2916
2023-11-13,641.75,649.5,613.75,618.0,117667,-3.44,11.833599999999999
2023-11-20,619.25,623.5,599.25,602.0,58602,-2.59,6.708099999999999
2023-11-27,602.5,646.75,587.5,645.0,33793,7.14,50.9796
2023-12-04,644.75,673.0,644.75,655.75,212,1.67,2.7889
2023-12-11,627.0,662.0,626.75,642.75,41908,-1.98,3.9204
2023-12-18,643.5,644.75,619.25,623.0,99769,-3.07,9.4249
2023-12-25,622.5,648.5,620.25,642.0,75265,3.05,9.302499999999998
2024-01-01,640.5,642.0,611.5,628.0,80365,-2.18,4.752400000000001
2024-01-08,628.25,633.75,607.0,615.25,135926,-2.03,4.120899999999999
2024-01-15,614.0,622.5,586.75,608.0,94202,-1.18,1.3923999999999999
2024-01-22,609.25,641.0,601.0,624.75,149597,2.75,7.5625
2024-01-29,625.5,634.5,607.25,625.0,138682,0.04,0.0016
2024-02-05,626.0,626.0,594.75,601.5,157203,-3.76,14.137599999999999
2024-02-12,601.5,605.75,563.0,567.25,159307,-5.69,32.3761
2024-02-19,566.75,594.0,565.25,568.75,72980,0.26,0.06760000000000001
2024-02-26,569.5,603.0,561.5,580.0,28764,1.98,3.9204
2024-03-04,602.5,608.5,576.25,608.5,142,4.91,24.1081
2024-03-11,607.0,626.0,561.0,566.25,55842,-6.94,48.1636
2024-03-18,568.0,592.75,563.5,590.5,125579,4.28,18.3184
2024-03-25,592.75,601.75,572.25,585.25,104940,-0.89,0.7921
2024-04-01,585.25,591.25,560.5,582.25,167784,-0.51,0.2601
2024-04-08,584.0,597.25,571.0,589.75,184220,1.29,1.6641000000000001
2024-04-15,589.25,592.25,572.25,581.5,86351,-1.4,1.9599999999999997
2024-04-22,580.75,655.0,580.25,646.25,72350,11.13,123.87690000000002
2024-04-29,642.75,675.0,617.0,660.0,5471,2.13,4.536899999999999
2024-05-06,692.25,702.5,658.25,697.25,23,5.64,31.809599999999996
2024-05-13,724.0,724.0,660.25,661.75,127213,-5.09,25.908099999999997
2024-05-20,662.0,725.25,662.0,721.25,166177,8.99,80.82010000000001
2024-05-27,734.25,746.25,704.0,708.75,139076,-1.73,2.9929
2024-06-03,713.0,728.5,655.5,665.75,190934,-6.07,36.8449
2024-06-10,665.25,665.25,625.25,627.5,220035,-5.75,33.0625
2024-06-17,626.25,626.5,580.0,581.25,100578,-7.37,54.316900000000004
2024-06-24,581.5,600.0,571.75,587.5,47561,1.08,1.1664
2024-07-01,587.5,602.75,581.5,595.25,251,1.32,1.7424000000000002
2024-07-08,590.75,605.0,566.75,604.0,39484,1.47,2.1609
2024-07-15,569.0,579.5,545.75,570.0,130663,-5.63,31.6969
2024-07-22,570.25,578.25,544.5,545.5,114891,-4.3,18.49
2024-07-29,546.0,562.75,535.5,559.75,2302464,2.61,6.812099999999999
2024-08-05,559.0,567.5,544.75,554.0,188954,-1.03,1.0609
2024-08-12,552.75,558.75,531.25,554.75,209471,0.14,0.019600000000000003
